label,x0,y0,z0,x1,y1,z1,x2,y2,z2,x3,y3,z3,x4,y4,z4,x5,y5,z5,x6,y6,z6,x7,y7,z7,x8,y8,z8,x9,y9,z9,x10,y10,z10,x11,y11,z11,x12,y12,z12,x13,y13,z13,x14,y14,z14,x15,y15,z15,x16,y16,z16,x17,y17,z17,x18,y18,z18,x19,y19,z19,x20,y20,z20
Pataka,0.4784351587295532,0.8495850563049316,2.926144304638001e-07,0.4116966724395752,0.7844569683074951,-0.033957015722990036,0.36206409335136414,0.6878724694252014,-0.05848919600248337,0.33915436267852783,0.5967960357666016,-0.08216498047113419,0.3646009564399719,0.5745161175727844,-0.10394150763750076,0.40480726957321167,0.4677131772041321,-0.01745784282684326,0.4035102427005768,0.32626277208328247,-0.04173990339040756,0.4032931923866272,0.24278616905212402,-0.06668592244386673,0.40656590461730957,0.16393625736236572,-0.08760017901659012,0.4475803077220917,0.45768865942955017,-0.02016521990299225,0.4411165118217468,0.2994127869606018,-0.039239246398210526,0.43883877992630005,0.2015657126903534,-0.059857528656721115,0.4370179772377014,0.10205855965614319,-0.07666025310754776,0.4882698357105255,0.4823715388774872,-0.028368191793560982,0.48071667551994324,0.33142906427383423,-0.04522334411740303,0.4770917296409607,0.23897001147270203,-0.059364210814237595,0.47146740555763245,0.1520926058292389,-0.07051939517259598,0.5314610600471497,0.5377119183540344,-0.04085148125886917,0.5237013697624207,0.41820138692855835,-0.0563071146607399,0.5150656700134277,0.34120598435401917,-0.06426363438367844,0.5072794556617737,0.2662949860095978,-0.07015185803174973
Pataka,0.43802767992019653,0.7709610462188721,3.0062994937907206e-07,0.3858911991119385,0.7193678021430969,-0.018832238391041756,0.35597753524780273,0.6207031011581421,-0.033001553267240524,0.34280839562416077,0.5547352433204651,-0.048398397862911224,0.3457423448562622,0.5195743441581726,-0.06421296298503876,0.387290894985199,0.43500328063964844,-0.014981867745518684,0.38798269629478455,0.2973281443119049,-0.0378471203148365,0.38923922181129456,0.2117588222026825,-0.058044157922267914,0.39320847392082214,0.13814112544059753,-0.07369577884674072,0.4182654917240143,0.4344923794269562,-0.023408330976963043,0.4126039743423462,0.28188639879226685,-0.045349474996328354,0.41354185342788696,0.18022608757019043,-0.06608019024133682,0.41687116026878357,0.08530807495117188,-0.08101175725460052,0.44917458295822144,0.4608764052391052,-0.03515743464231491,0.44626784324645996,0.31423479318618774,-0.055484022945165634,0.44673097133636475,0.21965284645557404,-0.07204252481460571,0.4474993944168091,0.13401871919631958,-0.08313271403312683,0.4818612337112427,0.5122255086898804,-0.04908442869782448,0.4777349829673767,0.3939386308193207,-0.06784982234239578,0.47272780537605286,0.31375783681869507,-0.07829932868480682,0.469801127910614,0.23643721640110016,-0.08504365384578705
Pataka,0.4499376714229584,0.7751705646514893,2.2938560562124621e-07,0.3957015872001648,0.718498706817627,-0.018716754391789436,0.3609660565853119,0.6232556104660034,-0.03297148272395134,0.34559181332588196,0.5532422065734863,-0.04854707047343254,0.3533492684364319,0.5252734422683716,-0.06447521597146988,0.3930201530456543,0.43665528297424316,-0.012336647137999535,0.3925933837890625,0.30170756578445435,-0.033100761473178864,0.3936270773410797,0.22002077102661133,-0.05256101116538048,0.39754411578178406,0.14640077948570251,-0.0686490386724472,0.4281102120876312,0.4342474937438965,-0.020680628716945648,0.4219781160354614,0.2845302224159241,-0.0402863435447216,0.4211774170398712,0.18610873818397522,-0.06076208874583244,0.4229069650173187,0.08971431851387024,-0.07651802897453308,0.46199309825897217,0.46019214391708374,-0.03243356943130493,0.4582032561302185,0.31590116024017334,-0.05148421972990036,0.45681196451187134,0.22146078944206238,-0.06920156627893448,0.4550130367279053,0.1325998306274414,-0.08187513798475266,0.4976736903190613,0.512092113494873,-0.04620259627699852,0.49236738681793213,0.39685919880867004,-0.06433580815792084,0.487671434879303,0.31858938932418823,-0.07548846304416656,0.4850162863731384,0.24117222428321838,-0.08329936116933823
Pataka,0.46886521577835083,0.786270797252655,1.9670892470458057e-07,0.41250935196876526,0.7187823057174683,-0.028205718845129013,0.3754878044128418,0.623336911201477,-0.047925714403390884,0.3591732382774353,0.5493717789649963,-0.06758560985326767,0.37073642015457153,0.5205819010734558,-0.08671341091394424,0.41773420572280884,0.43485021591186523,-0.020479371771216393,0.4172349274158478,0.29836827516555786,-0.045751530677080154,0.41974911093711853,0.21711726486682892,-0.06906215101480484,0.42659619450569153,0.14209753274917603,-0.08788659423589706,0.4562495946884155,0.43228110671043396,-0.02504775859415531,0.451174795627594,0.28490251302719116,-0.047491274774074554,0.4509003162384033,0.1900888979434967,-0.06953182071447372,0.454172283411026,0.09364712238311768,-0.08678189665079117,0.49291369318962097,0.45883792638778687,-0.03405851498246193,0.48923128843307495,0.31862345337867737,-0.054672371596097946,0.4885726571083069,0.2292023003101349,-0.07197210937738419,0.48710885643959045,0.1442757248878479,-0.08449901640415192,0.5302951335906982,0.5120108127593994,-0.046299420297145844,0.5258917212486267,0.4013214707374573,-0.0643339529633522,0.5209966897964478,0.3275409936904907,-0.07474058866500854,0.5168933868408203,0.25422826409339905,-0.08222073316574097
Pataka,0.48017728328704834,0.7793372869491577,2.370898641856911e-07,0.42155876755714417,0.7249395847320557,-0.03728742524981499,0.3783836364746094,0.6389407515525818,-0.06252515316009521,0.36409080028533936,0.5579369068145752,-0.0854831114411354,0.3846661448478699,0.5260177254676819,-0.10663136839866638,0.4250083863735199,0.4392376244068146,-0.02848883718252182,0.42396003007888794,0.30362603068351746,-0.05479133874177933,0.42412206530570984,0.2228953242301941,-0.07887649536132812,0.4277389645576477,0.14889869093894958,-0.0982135608792305,0.46498575806617737,0.43280720710754395,-0.028336990624666214,0.4602643549442291,0.2860219478607178,-0.05059002339839935,0.4582041800022125,0.19144317507743835,-0.07218543440103531,0.4576806426048279,0.09586527943611145,-0.08924568444490433,0.500963032245636,0.45617368817329407,-0.03327946737408638,0.4977641999721527,0.3159831166267395,-0.05304360389709473,0.4955587089061737,0.22833393514156342,-0.06934216618537903,0.4914499819278717,0.14594167470932007,-0.08139348030090332,0.537949800491333,0.5057257413864136,-0.04223740100860596,0.5345264673233032,0.3960733413696289,-0.060139063745737076,0.5289429426193237,0.3251904547214508,-0.07072775810956955,0.5231959819793701,0.2555190324783325,-0.07811363786458969
Pataka,0.4650326073169708,0.7419872283935547,2.464417718783807e-07,0.41083720326423645,0.6934013366699219,-0.03796398267149925,0.373370498418808,0.6150468587875366,-0.06372976303100586,0.37178048491477966,0.5375364422798157,-0.08691330254077911,0.40450572967529297,0.5117575526237488,-0.10802062600851059,0.42358464002609253,0.429015189409256,-0.03028266690671444,0.4286327660083771,0.29853272438049316,-0.055437710136175156,0.428978830575943,0.2196292132139206,-0.07730542868375778,0.43098708987236023,0.14664050936698914,-0.09437645971775055,0.46116387844085693,0.4241534173488617,-0.028373245149850845,0.46234452724456787,0.28154510259628296,-0.04986784979701042,0.4613851010799408,0.18860164284706116,-0.06898907572031021,0.4607483744621277,0.09832999110221863,-0.08353471755981445,0.4929320812225342,0.44375574588775635,-0.03133796900510788,0.493183434009552,0.311413437128067,-0.049432314932346344,0.49089959263801575,0.22556523978710175,-0.06431648135185242,0.4867353141307831,0.14417758584022522,-0.07509240508079529,0.5256412029266357,0.4862099289894104,-0.03832460567355156,0.5245696902275085,0.3805990517139435,-0.0539976991713047,0.519072413444519,0.3138952851295471,-0.06354563683271408,0.5131955146789551,0.2488483339548111,-0.0700293555855751
Pataka,0.47208014130592346,0.7202969193458557,3.273301842909859e-07,0.4241017699241638,0.6858342885971069,-0.05265330150723457,0.3903735280036926,0.6212186813354492,-0.08285950124263763,0.3912578523159027,0.5507068037986755,-0.10661975294351578,0.4174273610115051,0.5109662413597107,-0.12707564234733582,0.4353712797164917,0.429320365190506,-0.04590906947851181,0.4359763264656067,0.298525333404541,-0.0708271786570549,0.4331267476081848,0.2196514904499054,-0.09167900681495667,0.43021443486213684,0.14924031496047974,-0.10721375793218613,0.4676542580127716,0.4202388823032379,-0.034103553742170334,0.4673682153224945,0.2811961770057678,-0.05613071098923683,0.463640421628952,0.189133882522583,-0.07436075806617737,0.4597811996936798,0.10608121752738953,-0.08752314746379852,0.4933847188949585,0.43646517395973206,-0.027608031406998634,0.4921494126319885,0.3105359673500061,-0.045679155737161636,0.488455206155777,0.22782723605632782,-0.0607200525701046,0.48306962847709656,0.15183424949645996,-0.07100600004196167,0.5190986394882202,0.4710403084754944,-0.02615135721862316,0.5195135474205017,0.374464213848114,-0.041140906512737274,0.5133684873580933,0.3117760717868805,-0.05125719681382179,0.5077450275421143,0.2507430911064148,-0.05795435979962349
Pataka,0.4482700526714325,0.7600119113922119,2.3837729656861484e-07,0.4038272500038147,0.7066880464553833,-0.030430465936660767,0.374687135219574,0.6179787516593933,-0.05168415606021881,0.36624184250831604,0.5432910919189453,-0.07145180553197861,0.38260579109191895,0.5373023152351379,-0.09116407483816147,0.4210548996925354,0.47123682498931885,-0.03012172505259514,0.4297323226928711,0.36012503504753113,-0.05452709272503853,0.4350344240665436,0.29057782888412476,-0.07577887922525406,0.44232359528541565,0.22773289680480957,-0.09310697764158249,0.4549240469932556,0.4749090373516083,-0.032424911856651306,0.461188405752182,0.35134172439575195,-0.05472571402788162,0.46670904755592346,0.27095675468444824,-0.07469841092824936,0.4730066657066345,0.18908736109733582,-0.09003045409917831,0.484921932220459,0.5047512054443359,-0.03846346586942673,0.4915527105331421,0.3867642283439636,-0.059178389608860016,0.49632230401039124,0.31265366077423096,-0.0753355622291565,0.49919772148132324,0.24211269617080688,-0.08674372732639313,0.5140351057052612,0.5559937357902527,-0.04756314679980278,0.5174071192741394,0.46212470531463623,-0.06632247567176819,0.5169904828071594,0.40076538920402527,-0.07741415500640869,0.5161523818969727,0.3407268226146698,-0.08520924299955368
Pataka,0.45384690165519714,0.6897772550582886,2.457074970152462e-07,0.4204257130622864,0.6227697134017944,-0.025040406733751297,0.40329569578170776,0.5328289270401001,-0.04543240740895271,0.3981308341026306,0.4689306914806366,-0.06462907046079636,0.4087798595428467,0.45802974700927734,-0.08512461185455322,0.4478185772895813,0.4257849156856537,-0.03914167359471321,0.46599432826042175,0.3179231882095337,-0.06600647419691086,0.47967657446861267,0.2516844570636749,-0.08642256259918213,0.494327187538147,0.19363746047019958,-0.10204381495714188,0.4772520363330841,0.44623804092407227,-0.044852517545223236,0.49472862482070923,0.3262728452682495,-0.06944450736045837,0.5087599754333496,0.25116491317749023,-0.08919587731361389,0.5246677994728088,0.17685800790786743,-0.10386844724416733,0.5020721554756165,0.4872834086418152,-0.052822012454271317,0.5192461013793945,0.3726457357406616,-0.0753970518708229,0.5317702293395996,0.3006775677204132,-0.09131204336881638,0.5436776876449585,0.23293738067150116,-0.10245703160762787,0.5246402025222778,0.5459873080253601,-0.06286376714706421,0.5368238687515259,0.45978984236717224,-0.08280181884765625,0.5441766381263733,0.4018299877643585,-0.09322039783000946,0.5518622994422913,0.34557005763053894,-0.10059921443462372
Pataka,0.4502698481082916,0.6331075429916382,2.5648915880083223e-07,0.4102838635444641,0.5903110504150391,-0.043183423578739166,0.3853198289871216,0.5223601460456848,-0.07096407562494278,0.38740354776382446,0.4693843722343445,-0.09418690204620361,0.4044623076915741,0.4618883728981018,-0.11767911165952682,0.4488827586174011,0.4194718599319458,-0.056638892740011215,0.471992164850235,0.3264003098011017,-0.08585639297962189,0.48959165811538696,0.26756054162979126,-0.10779307782649994,0.5067770481109619,0.2129877507686615,-0.12442344427108765,0.48352566361427307,0.4307571053504944,-0.05203379690647125,0.5094365477561951,0.3251973092556,-0.0778990164399147,0.5262939929962158,0.25990861654281616,-0.09652914851903915,0.5439517498016357,0.19225819408893585,-0.11123916506767273,0.5100112557411194,0.45847123861312866,-0.05106513574719429,0.5328683257102966,0.3622870147228241,-0.07396414875984192,0.5471376776695251,0.3023190498352051,-0.08789432048797607,0.5603927969932556,0.24262039363384247,-0.09817343950271606,0.5318527221679688,0.4998950958251953,-0.054064735770225525,0.5497809648513794,0.4266889989376068,-0.07334238290786743,0.5591439008712769,0.38213470578193665,-0.08338580280542374,0.5668594837188721,0.33652961254119873,-0.09096860885620117
Pataka,0.4493987560272217,0.5647890567779541,1.9958555697030533e-07,0.4138634502887726,0.5534197092056274,-0.0615653470158577,0.39322662353515625,0.5200459361076355,-0.09969237446784973,0.3976401090621948,0.49309149384498596,-0.12888216972351074,0.41561734676361084,0.480891615152359,-0.15741093456745148,0.454367995262146,0.4081520140171051,-0.08754013478755951,0.47083207964897156,0.3191370666027069,-0.12211906909942627,0.48467016220092773,0.2561310827732086,-0.1455293595790863,0.4977506101131439,0.2023538202047348,-0.1619514673948288,0.4847643971443176,0.4019659161567688,-0.07218201458454132,0.5056992769241333,0.30198046565055847,-0.1016182005405426,0.5186663866043091,0.23491184413433075,-0.1204676404595375,0.53116774559021,0.17512622475624084,-0.13510532677173615,0.5077705979347229,0.41141277551651,-0.06017991900444031,0.5242878794670105,0.32093745470046997,-0.08366326242685318,0.5358893275260925,0.25990262627601624,-0.09813091158866882,0.5468357801437378,0.20439131557941437,-0.10917182266712189,0.5231531262397766,0.432916522026062,-0.053204599767923355,0.5382992029190063,0.3651214838027954,-0.07077430188655853,0.547470211982727,0.32137709856033325,-0.0807804986834526,0.5559102892875671,0.27974700927734375,-0.08876760303974152
Pataka,0.44467470049858093,0.6090815663337708,2.078536596172853e-07,0.44200626015663147,0.6282767057418823,-0.07104353606700897,0.43866273760795593,0.6084362864494324,-0.11205220222473145,0.4448283910751343,0.5680696964263916,-0.14218631386756897,0.46194976568222046,0.5152261257171631,-0.17020276188850403,0.4424727261066437,0.4488813281059265,-0.09326912462711334,0.43874847888946533,0.3506227135658264,-0.1304464191198349,0.4370703399181366,0.2804434597492218,-0.1561768501996994,0.43114766478538513,0.21922987699508667,-0.17382200062274933,0.45871156454086304,0.41089770197868347,-0.07237470895051956,0.4564068913459778,0.3000888228416443,-0.10767758637666702,0.4522517919540405,0.2239033281803131,-0.13124394416809082,0.44138914346694946,0.158827543258667,-0.14911329746246338,0.473375141620636,0.39310649037361145,-0.05544143542647362,0.4693470895290375,0.29636096954345703,-0.08348120748996735,0.4656292498111725,0.23069310188293457,-0.10064376890659332,0.45749199390411377,0.1737479269504547,-0.11336307972669601,0.48517757654190063,0.3887598216533661,-0.044056300073862076,0.4863153100013733,0.31765109300613403,-0.06307075172662735,0.48471206426620483,0.2671087384223938,-0.07517287135124207,0.4785185754299164,0.22316408157348633,-0.08547453582286835
Pataka,0.45500344038009644,0.7052727937698364,1.2595603493537055e-07,0.4010778069496155,0.6954284906387329,-0.024587247520685196,0.3545856773853302,0.650517463684082,-0.03896074369549751,0.33363616466522217,0.5872786045074463,-0.052283875644207,0.3504961431026459,0.5509461164474487,-0.06379134207963943,0.35574105381965637,0.4887664020061493,-0.010537593625485897,0.3352786600589752,0.39036276936531067,-0.02509279176592827,0.323825865983963,0.33328258991241455,-0.040342606604099274,0.31504011154174805,0.27949875593185425,-0.05372919887304306,0.3828909993171692,0.4614672362804413,-0.010936698876321316,0.3576059937477112,0.3572317957878113,-0.02322271838784218,0.34293150901794434,0.29346922039985657,-0.036708127707242966,0.3282977342605591,0.23054754734039307,-0.048134177923202515,0.41137856245040894,0.4573100507259369,-0.01548330020159483,0.38761278986930847,0.36038121581077576,-0.026885833591222763,0.3716757893562317,0.2997778654098511,-0.03807875141501427,0.35569456219673157,0.24395450949668884,-0.047333505004644394,0.44652077555656433,0.4718894958496094,-0.023123061284422874,0.4258388876914978,0.3972821831703186,-0.03410203754901886,0.41008350253105164,0.35269010066986084,-0.04169367998838425,0.39492323994636536,0.30827760696411133,-0.047808971256017685
Pataka,0.4243887662887573,0.6909139156341553,9.499899533693679e-08,0.3659858703613281,0.6790800094604492,-0.01221542339771986,0.31902098655700684,0.6330363154411316,-0.01390282902866602,0.2982856035232544,0.5664612650871277,-0.01673811487853527,0.3153829574584961,0.5376494526863098,-0.017565857619047165,0.33560097217559814,0.496782511472702,0.027372285723686218,0.31994423270225525,0.42023390531539917,0.029602887108922005,0.31344130635261536,0.3786473572254181,0.023070523515343666,0.3083035349845886,0.3410950005054474,0.015472312457859516,0.36103296279907227,0.47170940041542053,0.027010012418031693,0.3416813611984253,0.38484373688697815,0.03223437815904617,0.3320366144180298,0.33872175216674805,0.027182262390851974,0.3221847712993622,0.29818135499954224,0.021415024995803833,0.3874965310096741,0.4630514085292816,0.0219190064817667,0.36727043986320496,0.38613277673721313,0.025858042761683464,0.3563302457332611,0.3412077724933624,0.0229001734405756,0.34734153747558594,0.3042539358139038,0.018629856407642365,0.4223504364490509,0.4692867398262024,0.013795684091746807,0.4048757553100586,0.4065939784049988,0.017913397401571274,0.3926716446876526,0.3737785518169403,0.019493361935019493,0.3824225664138794,0.34442809224128723,0.018926898017525673
Pataka,0.36313527822494507,0.6683943271636963,5.253578194697184e-08,0.32201021909713745,0.6273223757743835,0.002302202396094799,0.3082786202430725,0.5688802599906921,0.009448323398828506,0.3100695013999939,0.5218716263771057,0.01309900637716055,0.3091544806957245,0.4818873107433319,0.017650239169597626,0.3443368673324585,0.44051092863082886,0.031149864196777344,0.3493573069572449,0.356134295463562,0.03204144537448883,0.35482361912727356,0.3016950786113739,0.027460766956210136,0.3619232177734375,0.25667476654052734,0.02257331646978855,0.36315470933914185,0.4306091368198395,0.02389928698539734,0.36490902304649353,0.3320983052253723,0.024892637506127357,0.36984363198280334,0.27112728357315063,0.018320966511964798,0.3779282569885254,0.21658143401145935,0.012611824087798595,0.38319090008735657,0.43322405219078064,0.013566303998231888,0.3819214105606079,0.3382519781589508,0.011949420906603336,0.3842402398586273,0.27939364314079285,0.005056746769696474,0.3892183005809784,0.22734907269477844,-0.0002257768646813929,0.4069342613220215,0.44987043738365173,0.002081091981381178,0.4030275344848633,0.37032079696655273,0.00044804057688452303,0.4011041224002838,0.3236474096775055,-0.0020420581568032503,0.40219825506210327,0.27844464778900146,-0.004337671212852001
Pataka,0.44366154074668884,0.7428932189941406,1.4741560505626694e-07,0.39304426312446594,0.7071782350540161,-0.021353743970394135,0.3539538085460663,0.6363229751586914,-0.03441910445690155,0.3407212197780609,0.5648145079612732,-0.0468285009264946,0.36170029640197754,0.5392337441444397,-0.05791362375020981,0.38283050060272217,0.4871755540370941,-0.011213652789592743,0.36887669563293457,0.380596399307251,-0.02737691067159176,0.3609998822212219,0.31421035528182983,-0.04249977692961693,0.35687723755836487,0.2557033598423004,-0.054964788258075714,0.41532406210899353,0.4748106896877289,-0.013248294591903687,0.4034545123577118,0.36155080795288086,-0.027565818279981613,0.3988874852657318,0.2890714406967163,-0.0408213846385479,0.3951301574707031,0.22281178832054138,-0.05095510557293892,0.44762226939201355,0.48708558082580566,-0.0190699715167284,0.44141885638237,0.37954068183898926,-0.032828159630298615,0.44001373648643494,0.31087684631347656,-0.0434851348400116,0.43849819898605347,0.24931132793426514,-0.051065001636743546,0.4814513623714447,0.519434928894043,-0.02734457328915596,0.4831514358520508,0.4342889189720154,-0.03929489478468895,0.48431718349456787,0.37940454483032227,-0.04575270786881447,0.48623931407928467,0.3258764147758484,-0.05016215518116951
Pataka,0.4411209225654602,0.7392506003379822,1.3920350738771958e-07,0.392179399728775,0.7019927501678467,-0.02093992568552494,0.3540652394294739,0.6287965178489685,-0.03403501585125923,0.34182918071746826,0.5555458068847656,-0.046575795859098434,0.36170512437820435,0.5377818942070007,-0.05797513201832771,0.38334426283836365,0.48305678367614746,-0.011981752701103687,0.3691057562828064,0.37815359234809875,-0.027910474687814713,0.36066311597824097,0.3137028217315674,-0.04289082810282707,0.3549921214580536,0.25730153918266296,-0.05521600693464279,0.4160303771495819,0.47137996554374695,-0.014351029880344868,0.40524667501449585,0.3579539358615875,-0.028434550389647484,0.39990803599357605,0.2851121425628662,-0.04201088473200798,0.3946724236011505,0.21877899765968323,-0.05258091539144516,0.44890710711479187,0.4845438003540039,-0.020285669714212418,0.4437967836856842,0.3778820335865021,-0.034232404083013535,0.4418363869190216,0.307467520236969,-0.046147629618644714,0.43948739767074585,0.24527671933174133,-0.0547492653131485,0.4831637442111969,0.5170803666114807,-0.028521139174699783,0.489618718624115,0.43354398012161255,-0.04043669253587723,0.49456241726875305,0.379111647605896,-0.04756257310509682,0.49955883622169495,0.3266737461090088,-0.05270644649863243
Pataka,0.44278794527053833,0.7449387311935425,1.4970277106840513e-07,0.3939150273799896,0.7032869458198547,-0.020763345062732697,0.35722267627716064,0.6288278102874756,-0.03330419585108757,0.3457801640033722,0.5568755865097046,-0.04537733644247055,0.367819607257843,0.5379253029823303,-0.056016042828559875,0.3895765542984009,0.48174595832824707,-0.008389442227780819,0.3827080726623535,0.375596821308136,-0.02359233796596527,0.3792395293712616,0.31189244985580444,-0.038804374635219574,0.37856656312942505,0.2555243670940399,-0.05153551325201988,0.42097771167755127,0.4735177457332611,-0.01024014875292778,0.4116066098213196,0.36123549938201904,-0.02266199141740799,0.4077713191509247,0.29029107093811035,-0.03581026941537857,0.4041830599308014,0.2239503562450409,-0.04643454775214195,0.45183175802230835,0.48833727836608887,-0.015894470736384392,0.44524145126342773,0.38138294219970703,-0.027565503492951393,0.44229552149772644,0.3148595094680786,-0.03777970373630524,0.4387333393096924,0.2557027339935303,-0.045585859566926956,0.4854004681110382,0.5223789811134338,-0.024187322705984116,0.4849173128604889,0.43836337327957153,-0.03473486378788948,0.4845116436481476,0.3841428756713867,-0.041110504418611526,0.485275536775589,0.33214449882507324,-0.045770347118377686
Pataka,0.4521520733833313,0.7511782050132751,1.8467240181507805e-07,0.40515995025634766,0.7040637135505676,-0.02980395220220089,0.3706050217151642,0.6327985525131226,-0.047272760421037674,0.3619235157966614,0.5577141046524048,-0.06302039325237274,0.38451653718948364,0.5374601483345032,-0.07657191902399063,0.4048305153846741,0.48733070492744446,-0.01313700433820486,0.39999300241470337,0.37999069690704346,-0.02926561050117016,0.3964810371398926,0.3156827688217163,-0.0453939251601696,0.3958081007003784,0.25678274035453796,-0.05879339575767517,0.43488267064094543,0.47934263944625854,-0.011083079501986504,0.42754194140434265,0.36667853593826294,-0.024474438279867172,0.42444226145744324,0.29504454135894775,-0.03874325379729271,0.4212311804294586,0.22808313369750977,-0.05002469941973686,0.462807834148407,0.49353888630867004,-0.01369168795645237,0.4578785300254822,0.39004063606262207,-0.02592514082789421,0.45522287487983704,0.32424816489219666,-0.0374172180891037,0.45075085759162903,0.26428958773612976,-0.04588959366083145,0.4934820830821991,0.5266976356506348,-0.019798794761300087,0.49373897910118103,0.4444676637649536,-0.030382173135876656,0.4923574924468994,0.3919641375541687,-0.03740345314145088,0.49084699153900146,0.3428097665309906,-0.04246390983462334
Pataka,0.4388785660266876,0.744970440864563,7.74595676489298e-08,0.3921569585800171,0.6996377110481262,-0.01835133507847786,0.35847002267837524,0.624238133430481,-0.030245421454310417,0.3470286726951599,0.5619189143180847,-0.04252377897500992,0.36342090368270874,0.5384113788604736,-0.05425996705889702,0.3874058127403259,0.4783652424812317,-0.009553554467856884,0.37775057554244995,0.3761669397354126,-0.026465028524398804,0.3722565770149231,0.3137393593788147,-0.042583663016557693,0.36968478560447693,0.2579817771911621,-0.05584360286593437,0.4161064028739929,0.47048747539520264,-0.01374046877026558,0.40416643023490906,0.3609868884086609,-0.029142098501324654,0.39699995517730713,0.29150116443634033,-0.04446916654706001,0.39154326915740967,0.2254534363746643,-0.05651204288005829,0.4445042908191681,0.4852418601512909,-0.02137543447315693,0.4364730417728424,0.38059765100479126,-0.03632395714521408,0.4305327832698822,0.3138856887817383,-0.04900608956813812,0.423986554145813,0.252920925617218,-0.05811913311481476,0.4751052260398865,0.5192952156066895,-0.031208539381623268,0.4737805724143982,0.4364764392375946,-0.0446421355009079,0.4709635078907013,0.37932664155960083,-0.05300246551632881,0.46825140714645386,0.3225274980068207,-0.05899791419506073
Pataka,0.4443947374820709,0.6992493867874146,1.5807756881258683e-07,0.39520078897476196,0.6615491509437561,-0.022630684077739716,0.35760658979415894,0.5965107679367065,-0.037172265350818634,0.3445592522621155,0.529191792011261,-0.050922658294439316,0.36603212356567383,0.506954550743103,-0.06315893679857254,0.38406723737716675,0.44667601585388184,-0.011478363536298275,0.3739434480667114,0.3450075387954712,-0.028321517631411552,0.3678055703639984,0.28416842222213745,-0.04442187026143074,0.3649483919143677,0.22824254631996155,-0.05750297009944916,0.4142153561115265,0.4353198707103729,-0.012633614242076874,0.40052172541618347,0.32741087675094604,-0.026857813820242882,0.3938125967979431,0.2596317529678345,-0.040390416979789734,0.3882533609867096,0.19448170065879822,-0.050837207585573196,0.4440508186817169,0.4468456208705902,-0.017609957605600357,0.4334788918495178,0.345742791891098,-0.030659375712275505,0.42802903056144714,0.28254055976867676,-0.04029164835810661,0.422280877828598,0.22479473054409027,-0.047103818506002426,0.47743529081344604,0.47723302245140076,-0.025330252945423126,0.4736429452896118,0.39491674304008484,-0.03653760626912117,0.47000157833099365,0.34249523282051086,-0.042267851531505585,0.4668760299682617,0.2915281653404236,-0.04599428176879883
Pataka,0.46395188570022583,0.7152098417282104,1.5667878017211478e-07,0.41575145721435547,0.685330331325531,-0.027907535433769226,0.3775422275066376,0.6205944418907166,-0.04400111734867096,0.3648941218852997,0.5465906262397766,-0.05834588780999184,0.3871127963066101,0.5238867402076721,-0.0704781785607338,0.39641761779785156,0.46857398748397827,-0.012583578005433083,0.3834358751773834,0.3660038709640503,-0.028560740873217583,0.37550199031829834,0.3051232099533081,-0.04493539407849312,0.3702496588230133,0.2495407611131668,-0.05857659876346588,0.42327946424484253,0.45350876450538635,-0.010849985294044018,0.4087025821208954,0.34420067071914673,-0.023896975442767143,0.4003147482872009,0.2763649821281433,-0.03712297976016998,0.3912975490093231,0.21203447878360748,-0.04775512218475342,0.4496800899505615,0.4608716070652008,-0.013439938426017761,0.43736380338668823,0.3606324791908264,-0.024669146165251732,0.42975425720214844,0.2967897653579712,-0.033612556755542755,0.42116373777389526,0.24011534452438354,-0.040764495730400085,0.4807266891002655,0.4865375757217407,-0.019551968201994896,0.47401005029678345,0.4081760346889496,-0.028987400233745575,0.4671550393104553,0.3598889708518982,-0.03406033664941788,0.46063387393951416,0.31407251954078674,-0.038059305399656296
Pataka,0.4787873923778534,0.7605401277542114,7.957552128345924e-08,0.4306028187274933,0.7196769714355469,-0.0159707423299551,0.3967852294445038,0.6514781713485718,-0.024086980149149895,0.38673871755599976,0.582267165184021,-0.03251082822680473,0.40775203704833984,0.561253547668457,-0.03941687196493149,0.4255877137184143,0.5183979868888855,0.0022577999625355005,0.4182952344417572,0.4201718866825104,-0.008518245071172714,0.41482147574424744,0.36309340596199036,-0.02085117995738983,0.4145132601261139,0.3123016059398651,-0.03143677860498428,0.4544186294078827,0.5069983005523682,0.00029508271836675704,0.44419118762016296,0.40168502926826477,-0.00821075402200222,0.4397023618221283,0.33779552578926086,-0.018871275708079338,0.4351884126663208,0.2793385982513428,-0.027439763769507408,0.48212143778800964,0.5160031318664551,-0.005365883931517601,0.47234103083610535,0.41794100403785706,-0.01346836518496275,0.46683040261268616,0.3571223020553589,-0.02127358317375183,0.46088358759880066,0.30285945534706116,-0.027333775535225868,0.513200044631958,0.5441522002220154,-0.01344715803861618,0.5087519884109497,0.4653358459472656,-0.020360887050628662,0.5037362575531006,0.41738706827163696,-0.024286318570375443,0.4992932081222534,0.37136489152908325,-0.02723369002342224
Pataka,0.4788902997970581,0.7738619446754456,4.862921088033545e-08,0.4308728277683258,0.7261327505111694,-0.011893433518707752,0.4011913239955902,0.6592289209365845,-0.01798366941511631,0.39469844102859497,0.5962957739830017,-0.025467505678534508,0.41133594512939453,0.568484902381897,-0.03191258758306503,0.4333592355251312,0.5296481251716614,0.008990337140858173,0.4285643696784973,0.43727555871009827,0.0003821664722636342,0.42678266763687134,0.38380691409111023,-0.011519388295710087,0.4275267720222473,0.334736168384552,-0.021875333040952682,0.46166175603866577,0.5204635858535767,0.004725796636193991,0.4537816643714905,0.41801920533180237,-0.001746106194332242,0.4500057101249695,0.3554893732070923,-0.01290865894407034,0.44683733582496643,0.2976190447807312,-0.02220841683447361,0.4887974262237549,0.5305291414260864,-0.003118563909083605,0.4813317358493805,0.43395859003067017,-0.009639250114560127,0.4767964482307434,0.37236833572387695,-0.0177078265696764,0.4723244905471802,0.316591739654541,-0.024348316714167595,0.5192052721977234,0.5588412880897522,-0.013137713074684143,0.5165421962738037,0.4783428907394409,-0.018207086250185966,0.5126776695251465,0.42969268560409546,-0.020851539447903633,0.5096949934959412,0.382904589176178,-0.023256413638591766
Pataka,0.472503662109375,0.7622438669204712,7.56270779334045e-09,0.429401159286499,0.7043997645378113,-0.01990409567952156,0.40548092126846313,0.6252179145812988,-0.03090798296034336,0.4051129221916199,0.556882381439209,-0.04241228476166725,0.4237448573112488,0.5369096398353577,-0.052964333444833755,0.4444895088672638,0.4948265850543976,-0.002090101595968008,0.4452691078186035,0.4025494456291199,-0.016132855787873268,0.4466507136821747,0.3433576226234436,-0.03191688284277916,0.4501645565032959,0.289944589138031,-0.04545333608984947,0.4727296233177185,0.4894409477710724,-0.004602738190442324,0.47056710720062256,0.38270217180252075,-0.017471883445978165,0.4697811007499695,0.3147951364517212,-0.03222273662686348,0.4706212282180786,0.24995887279510498,-0.04426746442914009,0.49898841977119446,0.5055462718009949,-0.011185817420482635,0.49930086731910706,0.403097003698349,-0.02393048256635666,0.5000345706939697,0.33819207549095154,-0.03535717725753784,0.5006372928619385,0.2787785530090332,-0.043955523520708084,0.5275346636772156,0.5416825413703918,-0.020464057102799416,0.5311651229858398,0.4603487253189087,-0.030781688168644905,0.5321037173271179,0.4062493145465851,-0.03699399158358574,0.5334952473640442,0.35348981618881226,-0.04198119789361954
Pataka,0.5882284045219421,0.8177304267883301,2.4962178102327925e-08,0.5247727036476135,0.7510632276535034,-0.031869832426309586,0.48008647561073303,0.6372467875480652,-0.050228361040353775,0.46521592140197754,0.5357688665390015,-0.06770993769168854,0.48732009530067444,0.472211629152298,-0.08381680399179459,0.522587239742279,0.4678213894367218,-0.022359125316143036,0.5156911611557007,0.31994253396987915,-0.04946311190724373,0.5142366290092468,0.23040199279785156,-0.07261206209659576,0.5163070559501648,0.15325549244880676,-0.09042856842279434,0.5631145238876343,0.4579521119594574,-0.024042531847953796,0.5546373724937439,0.29814642667770386,-0.04794495552778244,0.5505753755569458,0.19933223724365234,-0.06860500574111938,0.5478577017784119,0.10914626717567444,-0.08399907499551773,0.6036109924316406,0.4771382212638855,-0.030890056863427162,0.5970507264137268,0.3266535699367523,-0.05293750762939453,0.5921220183372498,0.2304430454969406,-0.069227434694767,0.5867937207221985,0.1440563201904297,-0.08046181499958038,0.6465920209884644,0.522749662399292,-0.041288670152425766,0.6434161067008972,0.4021172523498535,-0.06088396534323692,0.6377115845680237,0.32460731267929077,-0.07176625728607178,0.6321291327476501,0.2522851228713989,-0.07892955094575882
Pataka,0.6252394914627075,0.8996554613113403,2.870344246730383e-07,0.5534763336181641,0.8361817598342896,-0.031879376620054245,0.5002375841140747,0.7211664915084839,-0.05248221382498741,0.4792926013469696,0.6203073263168335,-0.07285664230585098,0.5043678283691406,0.5983961224555969,-0.09193261712789536,0.5449517369270325,0.494260311126709,-0.0170165803283453,0.5483033061027527,0.3330128788948059,-0.042912911623716354,0.5517868995666504,0.23515507578849792,-0.06810963153839111,0.5563797354698181,0.14656507968902588,-0.08899062871932983,0.5939125418663025,0.48267531394958496,-0.02199910767376423,0.591031551361084,0.30485814809799194,-0.04395759105682373,0.5926052927970886,0.19408518075942993,-0.0665789470076561,0.5925464630126953,0.08502957224845886,-0.08405868709087372,0.6400699019432068,0.5059201717376709,-0.032365113496780396,0.63493812084198,0.33621925115585327,-0.05246646702289581,0.632991373538971,0.23097193241119385,-0.0694541186094284,0.6283267736434937,0.1338183879852295,-0.08183766901493073,0.6899155974388123,0.5627254843711853,-0.04669971764087677,0.6826270818710327,0.4254372715950012,-0.06466839462518692,0.6742637753486633,0.3404979705810547,-0.07415903359651566,0.6653846502304077,0.2587452232837677,-0.08062738925218582
Pataka,0.6156940460205078,0.885898768901825,2.863794179575052e-07,0.5427463054656982,0.8354177474975586,-0.04307456687092781,0.489726722240448,0.7337744235992432,-0.06922327727079391,0.47662532329559326,0.631141722202301,-0.09271330386400223,0.5061917304992676,0.6071983575820923,-0.11346539855003357,0.539556086063385,0.5004115700721741,-0.024898145347833633,0.539263904094696,0.34139272570610046,-0.04877568781375885,0.5361058712005615,0.24651449918746948,-0.07151416689157486,0.5343151688575745,0.1618185043334961,-0.09061208367347717,0.5865684747695923,0.48769232630729675,-0.022307217121124268,0.580886721611023,0.3153977394104004,-0.04214542731642723,0.5755248069763184,0.20796698331832886,-0.06151479110121727,0.5678310990333557,0.10682529211044312,-0.07668383419513702,0.6280452013015747,0.506517231464386,-0.02596822753548622,0.6185781955718994,0.3451671898365021,-0.04287736862897873,0.6117165088653564,0.24621734023094177,-0.058437734842300415,0.6014750599861145,0.1562952697277069,-0.07052218168973923,0.6706894040107727,0.5527960658073425,-0.03466503322124481,0.6602551341056824,0.4270097017288208,-0.049599189311265945,0.6493370532989502,0.34996703267097473,-0.05963912233710289,0.6389027237892151,0.27605175971984863,-0.06720304489135742
Tripataka,0.4445808231830597,0.8685173392295837,2.9903677045695076e-07,0.3885536789894104,0.822272777557373,-0.04033016413450241,0.34465157985687256,0.7342466115951538,-0.06367533653974533,0.32067638635635376,0.6541720032691956,-0.08841686695814133,0.3440847098827362,0.6089043021202087,-0.1091197058558464,0.37878838181495667,0.5377545356750488,-0.008080778643488884,0.3745797276496887,0.4071684181690216,-0.0264816302806139,0.3730713725090027,0.3353099822998047,-0.041339121758937836,0.3746308386325836,0.2704375088214874,-0.05119466781616211,0.41659852862358093,0.5316981673240662,-0.00854810606688261,0.4077935516834259,0.38892894983291626,-0.029854023829102516,0.40292733907699585,0.30401182174682617,-0.04560081660747528,0.39492520689964294,0.22666585445404053,-0.05351433530449867,0.4555665850639343,0.550282895565033,-0.016360096633434296,0.446806937456131,0.44244682788848877,-0.049218110740184784,0.44114965200424194,0.5275914072990417,-0.05586782470345497,0.4351779520511627,0.5932493209838867,-0.04859096556901932,0.49271461367607117,0.5827101469039917,-0.028964659199118614,0.487581729888916,0.47311991453170776,-0.04780633747577667,0.4804367423057556,0.4103472828865051,-0.05244041979312897,0.47387075424194336,0.34380412101745605,-0.051530927419662476
Tripataka,0.4299904406070709,0.7861703634262085,4.2304881731070054e-07,0.37600621581077576,0.7361698150634766,-0.019820889458060265,0.34047403931617737,0.6362915635108948,-0.03443228453397751,0.32286882400512695,0.5609861016273499,-0.0536588653922081,0.33934590220451355,0.5398132801055908,-0.06853080540895462,0.379919171333313,0.4637523293495178,-0.002847685944288969,0.3820454776287079,0.33250418305397034,-0.021096017211675644,0.3867570757865906,0.2558288276195526,-0.03389386460185051,0.391415536403656,0.19211918115615845,-0.04332820326089859,0.4138818383216858,0.4628273844718933,-0.012737349607050419,0.41293030977249146,0.31783533096313477,-0.03922678902745247,0.41149815917015076,0.22517752647399902,-0.05601736903190613,0.40952056646347046,0.14592066407203674,-0.06448947638273239,0.4467374384403229,0.4880013167858124,-0.026626253500580788,0.4376175105571747,0.37139761447906494,-0.05541954189538956,0.42133599519729614,0.46332430839538574,-0.04673517867922783,0.41111570596694946,0.529640793800354,-0.030216729268431664,0.47856080532073975,0.5324859023094177,-0.04451049119234085,0.47575077414512634,0.4258373975753784,-0.06353222578763962,0.4730592668056488,0.3602621555328369,-0.06233895570039749,0.47040653228759766,0.2835384011268616,-0.05637512728571892
Tripataka,0.41389840841293335,0.7673416137695312,4.5969227358000353e-07,0.3682783842086792,0.7185302376747131,-0.02057904750108719,0.3422105312347412,0.6209143996238708,-0.03457418829202652,0.3302589952945709,0.5609821081161499,-0.05241572484374046,0.3351641297340393,0.5151388049125671,-0.06682109832763672,0.37986791133880615,0.4524449110031128,-0.004728753585368395,0.38456177711486816,0.3298957347869873,-0.024505628272891045,0.39108651876449585,0.2593824863433838,-0.038409389555454254,0.3974452614784241,0.1966739296913147,-0.04715669900178909,0.4112166464328766,0.4580337703227997,-0.015151499770581722,0.4136236608028412,0.3176172375679016,-0.043499305844306946,0.41622963547706604,0.22523558139801025,-0.06270784139633179,0.4180571436882019,0.14061862230300903,-0.07156401127576828,0.4401845633983612,0.49031490087509155,-0.02963041327893734,0.4268425703048706,0.39969077706336975,-0.06655769795179367,0.40480393171310425,0.4820634722709656,-0.06585712730884552,0.39043617248535156,0.5400086045265198,-0.05193636193871498,0.46565479040145874,0.5396828651428223,-0.04709488898515701,0.46320709586143494,0.43974846601486206,-0.07170707732439041,0.46143412590026855,0.37240132689476013,-0.0727120190858841,0.4600900113582611,0.2989804744720459,-0.0669298991560936
Tripataka,0.4197477102279663,0.7599657773971558,3.5890190019927104e-07,0.3716158866882324,0.7060253024101257,-0.028468497097492218,0.34221935272216797,0.6154711246490479,-0.048230212181806564,0.3312504291534424,0.549377977848053,-0.06984008848667145,0.34812894463539124,0.5327509045600891,-0.08843047171831131,0.38607513904571533,0.46008458733558655,-0.02313750982284546,0.3927347660064697,0.337971955537796,-0.04975909739732742,0.39944371581077576,0.2672329545021057,-0.06702271848917007,0.40712353587150574,0.2059381902217865,-0.07767019420862198,0.4210297465324402,0.4664124846458435,-0.028132982552051544,0.42512089014053345,0.3383675217628479,-0.06112128868699074,0.4298580586910248,0.2507522702217102,-0.07991956919431686,0.43400052189826965,0.16750866174697876,-0.08847063034772873,0.4530128836631775,0.5016324520111084,-0.03726792335510254,0.4495151937007904,0.422468900680542,-0.07624169439077377,0.43464627861976624,0.509868860244751,-0.07531239837408066,0.4237614870071411,0.5699750185012817,-0.06137138605117798,0.4801693856716156,0.5546727180480957,-0.04974311217665672,0.48448315262794495,0.46138036251068115,-0.0746229737997055,0.4859255254268646,0.40356260538101196,-0.07538263499736786,0.48708125948905945,0.33759576082229614,-0.06953584402799606
Tripataka,0.43782559037208557,0.7261916399002075,3.1891522667137906e-07,0.3914267420768738,0.6805797815322876,-0.04041633754968643,0.3609309792518616,0.6037559509277344,-0.06581606715917587,0.34870144724845886,0.5419274568557739,-0.09054955840110779,0.36457157135009766,0.5163271427154541,-0.11260524392127991,0.40728774666786194,0.4576819837093353,-0.043519970029592514,0.41524046659469604,0.34047049283981323,-0.07450795918703079,0.4217211902141571,0.27040576934814453,-0.09366213530302048,0.4308217167854309,0.21025925874710083,-0.1055237203836441,0.4427941143512726,0.4630359709262848,-0.04211677238345146,0.44816532731056213,0.3423396348953247,-0.07753581553697586,0.45375484228134155,0.2563852071762085,-0.09643746167421341,0.4576032757759094,0.17746135592460632,-0.10581327974796295,0.4741765260696411,0.49685096740722656,-0.045450370758771896,0.47995471954345703,0.422870934009552,-0.08595718443393707,0.4689474105834961,0.5143773555755615,-0.08905404806137085,0.46049755811691284,0.575084924697876,-0.07917384803295135,0.5025245547294617,0.5441948175430298,-0.052862148731946945,0.5150668621063232,0.4633769989013672,-0.08089759200811386,0.5188831090927124,0.41449108719825745,-0.08766331523656845,0.5228235721588135,0.35300159454345703,-0.08702810853719711
Tripataka,0.44484201073646545,0.6753146648406982,2.5432839834138576e-07,0.40257054567337036,0.6483047008514404,-0.043417323380708694,0.37113285064697266,0.591362476348877,-0.07146923989057541,0.35968706011772156,0.5324622392654419,-0.09649790078401566,0.37801802158355713,0.508724570274353,-0.11904653161764145,0.4165492653846741,0.4508785903453827,-0.05666967108845711,0.4254043698310852,0.33269184827804565,-0.08725126832723618,0.429676353931427,0.2631756067276001,-0.10637844353914261,0.4377131164073944,0.20285484194755554,-0.11835348606109619,0.45376190543174744,0.44482529163360596,-0.05025530233979225,0.4573764503002167,0.31980887055397034,-0.08302158862352371,0.46087121963500977,0.23592856526374817,-0.10217691212892532,0.46407943964004517,0.1602732241153717,-0.1131298765540123,0.4845580458641052,0.4682147204875946,-0.04682072624564171,0.5031891465187073,0.3956381380558014,-0.08032194525003433,0.5002951622009277,0.4507569968700409,-0.08568136394023895,0.49349862337112427,0.49055689573287964,-0.08057056367397308,0.5116246342658997,0.503911554813385,-0.047157470136880875,0.5315948128700256,0.4251619875431061,-0.06949162483215332,0.5362758040428162,0.3731570243835449,-0.07531554251909256,0.5365622043609619,0.3181091547012329,-0.07520832866430283
Tripataka,0.4422318637371063,0.6632026433944702,2.3579269736728747e-07,0.4028080105781555,0.6489922404289246,-0.046958573162555695,0.37470436096191406,0.600280225276947,-0.07917608320713043,0.37715357542037964,0.5504611730575562,-0.10770627856254578,0.40217018127441406,0.530116856098175,-0.1341915875673294,0.41313499212265015,0.4547334313392639,-0.06752478331327438,0.41719335317611694,0.33430421352386475,-0.09836630523204803,0.42022091150283813,0.26350972056388855,-0.11856874823570251,0.42568403482437134,0.19816601276397705,-0.1327226310968399,0.4470866918563843,0.43734148144721985,-0.05979800969362259,0.44397464394569397,0.31277239322662354,-0.09333955496549606,0.43957754969596863,0.23020662367343903,-0.11282636225223541,0.4350014626979828,0.15193846821784973,-0.12543870508670807,0.4742191731929779,0.4493524432182312,-0.05428236350417137,0.4911072552204132,0.3669103980064392,-0.08449213206768036,0.4932001829147339,0.42944225668907166,-0.08742247521877289,0.488151878118515,0.4777565002441406,-0.08334985375404358,0.4976765215396881,0.47579413652420044,-0.05312504991889,0.511958122253418,0.3878380060195923,-0.07261481136083603,0.514769971370697,0.3364695906639099,-0.07698850333690643,0.5131979584693909,0.2878744900226593,-0.07752295583486557
Tripataka,0.45531514286994934,0.6672247052192688,1.0558996166309953e-07,0.42024022340774536,0.6503020524978638,-0.05433005467057228,0.38843509554862976,0.6073755621910095,-0.08530430495738983,0.38484954833984375,0.5553112626075745,-0.11023706197738647,0.4061051309108734,0.5162203311920166,-0.1323651522397995,0.40696415305137634,0.43423953652381897,-0.058603476732969284,0.3948635160923004,0.3167930543422699,-0.07967407256364822,0.38756051659584045,0.2483794242143631,-0.09453439712524414,0.3837606608867645,0.18478834629058838,-0.10712110251188278,0.43949323892593384,0.41590622067451477,-0.04709604009985924,0.4207473397254944,0.290637344121933,-0.07179462909698486,0.4081425666809082,0.21416118741035461,-0.09031850844621658,0.39351892471313477,0.14879906177520752,-0.10463293641805649,0.4670625329017639,0.42898130416870117,-0.039531491696834564,0.4737282991409302,0.33067089319229126,-0.07049817591905594,0.48572584986686707,0.3490285873413086,-0.08812542259693146,0.4858258366584778,0.3764136731624603,-0.09658611565828323,0.4916956126689911,0.45562484860420227,-0.03577730059623718,0.49321669340133667,0.36938169598579407,-0.06219034641981125,0.48976051807403564,0.32960185408592224,-0.07722578942775726,0.47994130849838257,0.29888105392456055,-0.0867043063044548
Tripataka,0.46269482374191284,0.6840323805809021,5.366624122871144e-08,0.4214027225971222,0.6634074449539185,-0.04143489524722099,0.3852231204509735,0.6084953546524048,-0.06546951830387115,0.37358489632606506,0.5467033386230469,-0.0873018428683281,0.3967241644859314,0.5163385272026062,-0.1068444550037384,0.3981861472129822,0.4431719481945038,-0.03725997358560562,0.3824271559715271,0.3278156518936157,-0.058268509805202484,0.3730615973472595,0.26313668489456177,-0.07284475862979889,0.36774468421936035,0.202475905418396,-0.08324632048606873,0.4288541078567505,0.4244080185890198,-0.03189163655042648,0.4072580337524414,0.3059367537498474,-0.05555612966418266,0.3957865834236145,0.2330927699804306,-0.07223542034626007,0.3819318413734436,0.16615355014801025,-0.08286328613758087,0.4589034616947174,0.4346645176410675,-0.03063683584332466,0.46018028259277344,0.34529051184654236,-0.06185692548751831,0.4749508202075958,0.3885575532913208,-0.07489337772130966,0.478555291891098,0.4339512884616852,-0.07646092027425766,0.48693037033081055,0.45712947845458984,-0.03255494311451912,0.4796069860458374,0.3633907735347748,-0.05488920956850052,0.47307446599006653,0.3085835874080658,-0.06491795182228088,0.46328431367874146,0.2626209259033203,-0.06926791369915009
Tripataka,0.4588300883769989,0.7073335647583008,1.717170334814e-07,0.41426706314086914,0.6773703098297119,-0.040122102946043015,0.37643352150917053,0.6124378442764282,-0.06280805915594101,0.35597696900367737,0.5518812537193298,-0.08468471467494965,0.37298455834388733,0.5011417865753174,-0.10389622300863266,0.4028393626213074,0.43968355655670166,-0.024372337386012077,0.39667606353759766,0.3226783275604248,-0.04444904252886772,0.39139652252197266,0.2577872574329376,-0.06077910214662552,0.3901665210723877,0.19935107231140137,-0.07211343944072723,0.43509945273399353,0.4324468672275543,-0.021643612533807755,0.4215448498725891,0.30715495347976685,-0.0431872121989727,0.4163261353969574,0.23022939264774323,-0.06248341500759125,0.40963321924209595,0.1633392870426178,-0.07505445182323456,0.4678177237510681,0.4481987953186035,-0.024323921650648117,0.4656258821487427,0.3543248772621155,-0.052678752690553665,0.4719192683696747,0.40066397190093994,-0.06622475385665894,0.472743421792984,0.44502967596054077,-0.0681786760687828,0.49977123737335205,0.4742893874645233,-0.030920183286070824,0.49735602736473083,0.3783396780490875,-0.049506668001413345,0.4917796552181244,0.3184022009372711,-0.05883157253265381,0.4847716987133026,0.2630956470966339,-0.06309916079044342
Tripataka,0.43363824486732483,0.7103232741355896,2.9297365244929097e-07,0.38064247369766235,0.6883909702301025,-0.023232456296682358,0.3410101532936096,0.6317252516746521,-0.03796110674738884,0.32788926362991333,0.5736755132675171,-0.054794441908597946,0.34915927052497864,0.532942533493042,-0.06855978816747665,0.3679042458534241,0.4760500192642212,0.005469199735671282,0.3602156639099121,0.3787879943847656,-0.0062388163059949875,0.35668253898620605,0.3264651894569397,-0.01718168333172798,0.3554459512233734,0.2808859944343567,-0.025037243962287903,0.3968730568885803,0.4637609124183655,0.002136761089786887,0.3855891227722168,0.35658448934555054,-0.013113298453390598,0.37819406390190125,0.2967420220375061,-0.02597038447856903,0.37032389640808105,0.24921198189258575,-0.032954443246126175,0.4261632561683655,0.46531379222869873,-0.00655715074390173,0.41403627395629883,0.37127575278282166,-0.02883935160934925,0.4113331735134125,0.4129509925842285,-0.033403635025024414,0.41029348969459534,0.45597875118255615,-0.029026338830590248,0.4588363766670227,0.4786471128463745,-0.018365930765867233,0.44983676075935364,0.39511436223983765,-0.0317051075398922,0.44019266963005066,0.3446664810180664,-0.035021521151065826,0.43058866262435913,0.2967853546142578,-0.034704405814409256
Tripataka,0.4832351803779602,0.8572389483451843,1.6598103513842943e-07,0.4263854920864105,0.804399847984314,-0.04270485043525696,0.3862107992172241,0.7137865424156189,-0.06527954339981079,0.36929404735565186,0.6258226037025452,-0.08668762445449829,0.3919801712036133,0.5637407898902893,-0.1047716811299324,0.4311104714870453,0.5438680052757263,-0.02409547008574009,0.42848843336105347,0.40627631545066833,-0.05025031417608261,0.4269954562187195,0.3297348618507385,-0.07060986757278442,0.42870640754699707,0.26166245341300964,-0.08453795313835144,0.4676392078399658,0.5338801145553589,-0.020937900990247726,0.46207237243652344,0.3895301818847656,-0.04923158138990402,0.4594259262084961,0.2953929901123047,-0.0724516212940216,0.4527253210544586,0.21578410267829895,-0.08698061108589172,0.5038110613822937,0.5514799952507019,-0.024277837947010994,0.5043900609016418,0.43364739418029785,-0.05983460322022438,0.49550339579582214,0.4469905197620392,-0.07833947241306305,0.4827475845813751,0.4638756811618805,-0.08235634863376617,0.5401937961578369,0.586216390132904,-0.031377147883176804,0.5451072454452515,0.48399120569229126,-0.05708133429288864,0.5439156889915466,0.4164390563964844,-0.07125795632600784,0.5403315424919128,0.3521113693714142,-0.07768046110868454
Tripataka,0.48373904824256897,0.8645600080490112,1.401750608920338e-07,0.4259214401245117,0.8081272840499878,-0.039745595306158066,0.3857158124446869,0.7178125381469727,-0.060858793556690216,0.3697997033596039,0.6306067109107971,-0.08093438297510147,0.3902356028556824,0.5655345916748047,-0.09790939092636108,0.4302663207054138,0.5455644726753235,-0.022031908854842186,0.4280489683151245,0.4078131318092346,-0.0477571003139019,0.4279842674732208,0.3295460045337677,-0.06810302287340164,0.4302339553833008,0.2612454891204834,-0.08144081383943558,0.4674721956253052,0.5357463359832764,-0.019015157595276833,0.4634779095649719,0.3910562992095947,-0.044954944401979446,0.4607301950454712,0.29702359437942505,-0.06641525775194168,0.45343559980392456,0.21921876072883606,-0.07953263819217682,0.5035179853439331,0.5536112189292908,-0.022138686850667,0.5034680366516113,0.44341427087783813,-0.05364726483821869,0.4927298426628113,0.4419138431549072,-0.0704556554555893,0.47875434160232544,0.44364410638809204,-0.07399595528841019,0.5393550395965576,0.5892647504806519,-0.028838511556386948,0.5442392826080322,0.4866780936717987,-0.05036374181509018,0.5422711372375488,0.4187825322151184,-0.06124517321586609,0.538426399230957,0.3549099564552307,-0.0654262900352478
Tripataka,0.46724534034729004,0.8335515260696411,3.617204811234842e-07,0.4132881164550781,0.7851982712745667,-0.03800935670733452,0.37999045848846436,0.6914273500442505,-0.06039422005414963,0.3671594560146332,0.6102333664894104,-0.0816378965973854,0.3792480528354645,0.5445648431777954,-0.09960974007844925,0.42117542028427124,0.5240183472633362,-0.028516128659248352,0.42198294401168823,0.38829606771469116,-0.05498809739947319,0.42511245608329773,0.3143177032470703,-0.07405145466327667,0.4298020601272583,0.24923431873321533,-0.0869874656200409,0.4549007713794708,0.520368218421936,-0.0279913991689682,0.45759981870651245,0.38092195987701416,-0.05801912769675255,0.45917922258377075,0.2895410656929016,-0.07993882149457932,0.45854318141937256,0.2120995819568634,-0.09327094256877899,0.48855921626091003,0.5433631539344788,-0.032705988734960556,0.497830331325531,0.42072227597236633,-0.06781269609928131,0.48221880197525024,0.4352574646472931,-0.07995574921369553,0.4649824798107147,0.4544134736061096,-0.07982092350721359,0.5210776329040527,0.5856019854545593,-0.04079253971576691,0.5307498574256897,0.4860880970954895,-0.06728906184434891,0.5363640189170837,0.4186842143535614,-0.07883778214454651,0.5408134460449219,0.3537015914916992,-0.08276786655187607
Tripataka,0.49012047052383423,0.7956883907318115,5.1899174735581255e-08,0.44098567962646484,0.7484413385391235,-0.03815773129463196,0.4030173122882843,0.6665219068527222,-0.05980720743536949,0.3853340744972229,0.5883694887161255,-0.08107632398605347,0.4057033956050873,0.5320666432380676,-0.09937656670808792,0.4434065818786621,0.5073574185371399,-0.02849057875573635,0.4371683597564697,0.37203890085220337,-0.0562899075448513,0.43454307317733765,0.29677167534828186,-0.07578092813491821,0.4366159439086914,0.23274192214012146,-0.08816970139741898,0.47820013761520386,0.49762022495269775,-0.02666013315320015,0.4701714515686035,0.3570388853549957,-0.05459992587566376,0.46602919697761536,0.2725942134857178,-0.07287681847810745,0.4597918391227722,0.2026422917842865,-0.08338790386915207,0.513383150100708,0.5150953531265259,-0.03033512458205223,0.5144132971763611,0.3957883417606354,-0.06280595809221268,0.5118299722671509,0.4330340027809143,-0.07171056419610977,0.5073878765106201,0.4715798795223236,-0.06937761604785919,0.5472983717918396,0.5482358932495117,-0.037996500730514526,0.5531222820281982,0.45118579268455505,-0.0608050599694252,0.5521994829177856,0.38628578186035156,-0.06947797536849976,0.5498254299163818,0.32473695278167725,-0.07170578092336655
Tripataka,0.5070173740386963,0.734397292137146,4.392990717860812e-07,0.4761008322238922,0.7244585156440735,-0.07113386690616608,0.459433376789093,0.6630932688713074,-0.10325885564088821,0.46572360396385193,0.5980485677719116,-0.1222795769572258,0.493338942527771,0.5728960037231445,-0.13773444294929504,0.4961202144622803,0.5023953318595886,-0.07999075949192047,0.49724245071411133,0.3745514750480652,-0.10138966143131256,0.4963832497596741,0.2993144690990448,-0.11495792865753174,0.4933789372444153,0.23431676626205444,-0.12242285907268524,0.5188487768173218,0.49129804968833923,-0.051365286111831665,0.5186704397201538,0.3581209182739258,-0.06946689635515213,0.5138280391693115,0.2703675627708435,-0.08111124485731125,0.5037424564361572,0.20360678434371948,-0.08788316696882248,0.5333377122879028,0.5073075294494629,-0.026318835094571114,0.5444265604019165,0.42340564727783203,-0.04617217555642128,0.5516090989112854,0.4350205659866333,-0.05821102112531662,0.5505003929138184,0.4569500982761383,-0.061570607125759125,0.5417587161064148,0.5309495329856873,-0.006459621246904135,0.5507614016532898,0.4483063220977783,-0.019511913880705833,0.5567600727081299,0.40520384907722473,-0.027322927489876747,0.5579873323440552,0.3776017427444458,-0.03082970902323723
Tripataka,0.4560648202896118,0.7660283446311951,2.3404365379064984e-07,0.40999484062194824,0.7192786931991577,-0.033583588898181915,0.3779384195804596,0.6363073587417603,-0.05527568981051445,0.36497318744659424,0.5658798217773438,-0.07805071026086807,0.3871793746948242,0.5393424034118652,-0.09804894775152206,0.4245978891849518,0.4726513922214508,-0.02513660490512848,0.42826563119888306,0.3478851914405823,-0.05311744660139084,0.4310563802719116,0.27631181478500366,-0.07190383970737457,0.4376094341278076,0.21585798263549805,-0.08314788341522217,0.459529846906662,0.472656786441803,-0.026870213449001312,0.462961345911026,0.34342360496520996,-0.05777580663561821,0.46555572748184204,0.25993266701698303,-0.07591608911752701,0.4681715667247772,0.18264985084533691,-0.08478323370218277,0.49224239587783813,0.49971920251846313,-0.03358513116836548,0.5006446838378906,0.4028606414794922,-0.07042419910430908,0.48696574568748474,0.47866109013557434,-0.07327570766210556,0.4752800762653351,0.5371324419975281,-0.06346333771944046,0.5207112431526184,0.5435729622840881,-0.044066574424505234,0.531696081161499,0.4498653709888458,-0.06750974804162979,0.5345206260681152,0.39240947365760803,-0.07126406580209732,0.5376209616661072,0.3311648368835449,-0.0684492290019989
Tripataka,0.537590503692627,0.9132787585258484,1.228593617952356e-07,0.4584353566169739,0.8502510190010071,-0.03828239440917969,0.4108303189277649,0.7484822869300842,-0.06620211899280548,0.37880903482437134,0.6415663957595825,-0.09700597822666168,0.409045547246933,0.5978321433067322,-0.123774453997612,0.4446420669555664,0.5238708853721619,-0.02958996593952179,0.4215502440929413,0.3462989032268524,-0.06762587279081345,0.41439110040664673,0.24744081497192383,-0.0977899506688118,0.41325852274894714,0.16457828879356384,-0.11854701489210129,0.4910486340522766,0.5089021325111389,-0.03290059044957161,0.4686014652252197,0.33095815777778625,-0.07087552547454834,0.4591084122657776,0.22292426228523254,-0.09823213517665863,0.4484880268573761,0.11115977168083191,-0.11650505661964417,0.5363702178001404,0.5294501185417175,-0.041726384311914444,0.5303145051002502,0.39858290553092957,-0.07657689601182938,0.530868411064148,0.5190462470054626,-0.07237505912780762,0.5283793210983276,0.6030822992324829,-0.05999248847365379,0.580829381942749,0.5753204226493835,-0.05647903308272362,0.5801689624786377,0.44320765137672424,-0.07802259176969528,0.5739340782165527,0.3609119653701782,-0.08017263561487198,0.5670578479766846,0.2673862874507904,-0.07816646248102188
Tripataka,0.4936695396900177,0.7846206426620483,1.5594538638197264e-07,0.44907402992248535,0.7488188743591309,-0.03925589844584465,0.4120500981807709,0.6744942665100098,-0.06411034613847733,0.39707422256469727,0.5973308086395264,-0.087297722697258,0.4207404851913452,0.5582911968231201,-0.10778547078371048,0.44449687004089355,0.5058831572532654,-0.036408681422472,0.4397434592247009,0.37634360790252686,-0.061596620827913284,0.43617716431617737,0.3024141192436218,-0.08008350431919098,0.43584302067756653,0.23481500148773193,-0.09233126789331436,0.4789394438266754,0.49482834339141846,-0.03286558389663696,0.4692228436470032,0.3620811402797699,-0.0591094009578228,0.4624116122722626,0.277071475982666,-0.07809896767139435,0.45292025804519653,0.20053115487098694,-0.08964446187019348,0.5112335085868835,0.5140189528465271,-0.0331697054207325,0.5173712968826294,0.4191615879535675,-0.06208989396691322,0.5303213596343994,0.4579937756061554,-0.07133723795413971,0.5352699756622314,0.49900496006011963,-0.0704515129327774,0.5409594774246216,0.5495030879974365,-0.03692379593849182,0.5434435606002808,0.44860896468162537,-0.0537252239882946,0.5410588383674622,0.3833591341972351,-0.05807564780116081,0.5364179611206055,0.32637906074523926,-0.05839650332927704
Tripataka,0.4850243926048279,0.7923669219017029,1.3231699824700627e-07,0.43869611620903015,0.7480973601341248,-0.03613850846886635,0.40148288011550903,0.6646366119384766,-0.056695643812417984,0.3838904798030853,0.5898398756980896,-0.07758336514234543,0.4069209396839142,0.5523914694786072,-0.0954168289899826,0.4424864947795868,0.4997157156467438,-0.020118391141295433,0.4396151900291443,0.3712908625602722,-0.04344022646546364,0.43897175788879395,0.3018653094768524,-0.05930491164326668,0.44072943925857544,0.24190235137939453,-0.06806661188602448,0.4758149981498718,0.49690043926239014,-0.020167769864201546,0.46964210271835327,0.3602677881717682,-0.04665391147136688,0.4682021737098694,0.2746669352054596,-0.0642954632639885,0.4626466631889343,0.2020619809627533,-0.07215332984924316,0.5092049241065979,0.5194111466407776,-0.025976475328207016,0.504593014717102,0.43489381670951843,-0.061286088079214096,0.5041347742080688,0.4889238178730011,-0.0724562332034111,0.5014532804489136,0.5310745239257812,-0.06808004528284073,0.5410358905792236,0.5525513291358948,-0.03512675687670708,0.5404897332191467,0.4494839012622833,-0.056295812129974365,0.5364409685134888,0.3859689235687256,-0.06170693784952164,0.5307120084762573,0.32317066192626953,-0.060469143092632294
Tripataka,0.45643797516822815,0.7693291902542114,3.1768911412655143e-07,0.42309409379959106,0.7057119607925415,-0.020673466846346855,0.40880975127220154,0.6122974157333374,-0.03541512042284012,0.4068027138710022,0.5476170182228088,-0.049795351922512054,0.4142001271247864,0.48986101150512695,-0.06426043808460236,0.4347614645957947,0.49768877029418945,-0.02932983636856079,0.44435834884643555,0.38834500312805176,-0.0531131885945797,0.4530025124549866,0.31919240951538086,-0.07014264166355133,0.46373647451400757,0.26165521144866943,-0.08322200179100037,0.4561779499053955,0.5129748582839966,-0.03673641383647919,0.4648692011833191,0.383238822221756,-0.06015876308083534,0.47421523928642273,0.302085280418396,-0.07813571393489838,0.486604779958725,0.22805804014205933,-0.09079237282276154,0.4735434949398041,0.5527722835540771,-0.046787332743406296,0.4742729067802429,0.42722979187965393,-0.07186093181371689,0.4772619307041168,0.35067877173423767,-0.08856203407049179,0.4835261106491089,0.28129199147224426,-0.09962180256843567,0.4860924482345581,0.6126959323883057,-0.05846690014004707,0.4851412773132324,0.5367998480796814,-0.0849936231970787,0.48351097106933594,0.4771157205104828,-0.09963928908109665,0.4841482937335968,0.4205136299133301,-0.10898461937904358
Tripataka,0.4695710241794586,0.7986546754837036,1.6762946586368344e-07,0.418602854013443,0.764796257019043,-0.03774041682481766,0.38067924976348877,0.6939256191253662,-0.058707382529973984,0.3617923855781555,0.6215364933013916,-0.0792265459895134,0.38267484307289124,0.5736307501792908,-0.09676254540681839,0.40722090005874634,0.5345425009727478,-0.018727390095591545,0.3986249566078186,0.4143010973930359,-0.04039784148335457,0.3924594819545746,0.34876883029937744,-0.05832204222679138,0.39087772369384766,0.2894030511379242,-0.07138129323720932,0.43738216161727905,0.5225308537483215,-0.016612159088253975,0.4246458411216736,0.3981248736381531,-0.03936129808425903,0.4177444279193878,0.3247396945953369,-0.05885498598217964,0.40926897525787354,0.2568001449108124,-0.07200086861848831,0.47004973888397217,0.5319435000419617,-0.02023359201848507,0.46751999855041504,0.4206222891807556,-0.0493546687066555,0.4659336805343628,0.4656144678592682,-0.061555907130241394,0.4617270231246948,0.5100621581077576,-0.06303798407316208,0.5039240121841431,0.5558719635009766,-0.027805034071207047,0.5054583549499512,0.46627622842788696,-0.04834640026092529,0.5053444504737854,0.4061453640460968,-0.059650711715221405,0.5048680305480957,0.3482978940010071,-0.065626360476017
Tripataka,0.47167009115219116,0.7994445562362671,1.8221945197183231e-07,0.4188251793384552,0.7623176574707031,-0.03846515715122223,0.3821238875389099,0.6937981843948364,-0.0618995763361454,0.36133110523223877,0.6165837645530701,-0.08504998683929443,0.3817138671875,0.5743898749351501,-0.10514597594738007,0.409503310918808,0.5374996066093445,-0.0260225310921669,0.3991004228591919,0.4145165681838989,-0.0515289269387722,0.3920780122280121,0.3472644090652466,-0.07120523601770401,0.3902861177921295,0.2903067171573639,-0.08525069802999496,0.4400733411312103,0.5227672457695007,-0.023107904940843582,0.4282124638557434,0.394558846950531,-0.048232629895210266,0.4199371039867401,0.3230467438697815,-0.06709807366132736,0.4121910333633423,0.2550356388092041,-0.07986991852521896,0.473976194858551,0.5325727462768555,-0.025462836027145386,0.47350382804870605,0.41634392738342285,-0.05207446962594986,0.4701715111732483,0.4618847072124481,-0.05789583921432495,0.4662815034389496,0.5042215585708618,-0.05601238086819649,0.509702205657959,0.5592357516288757,-0.03232232481241226,0.5225157141685486,0.4720291793346405,-0.050583016127347946,0.5312944650650024,0.4128129184246063,-0.058713942766189575,0.5389153957366943,0.3530850410461426,-0.06256668269634247
Tripataka,0.4833422601222992,0.8091070652008057,9.243741772024805e-08,0.43942973017692566,0.7720990180969238,-0.03739383816719055,0.40602052211761475,0.7019811272621155,-0.05750781297683716,0.38890793919563293,0.6311514973640442,-0.07686156034469604,0.40507054328918457,0.5871518850326538,-0.09299031645059586,0.4297187924385071,0.5436813831329346,-0.019389156252145767,0.421120285987854,0.42339158058166504,-0.040958333760499954,0.41417422890663147,0.3528268337249756,-0.05825578421354294,0.41238635778427124,0.29278284311294556,-0.070264533162117,0.4593513011932373,0.5304697751998901,-0.016343645751476288,0.44444891810417175,0.4059309959411621,-0.036371517926454544,0.4363681375980377,0.32948970794677734,-0.05119093880057335,0.4259582757949829,0.266049861907959,-0.060443952679634094,0.489854633808136,0.5411274433135986,-0.01907729171216488,0.48804906010627747,0.43419981002807617,-0.04375359043478966,0.4924876093864441,0.4612305164337158,-0.05120633915066719,0.49269813299179077,0.4933624863624573,-0.050083812326192856,0.5206851363182068,0.5656059980392456,-0.026115665212273598,0.5240005850791931,0.4801846146583557,-0.04325374588370323,0.5243567824363708,0.4228147864341736,-0.05013584718108177,0.5241515040397644,0.37077581882476807,-0.05249803513288498
Tripataka,0.4737173318862915,0.8075136542320251,1.1593098037110394e-07,0.4220585227012634,0.7598257064819336,-0.03928256779909134,0.38846340775489807,0.69037264585495,-0.06221432611346245,0.3680747151374817,0.605843186378479,-0.08370140194892883,0.3870249390602112,0.5577325820922852,-0.10194725543260574,0.42065632343292236,0.5449062585830688,-0.03223716467618942,0.4154466390609741,0.4213390648365021,-0.056130122393369675,0.4140898585319519,0.3514871895313263,-0.07357282936573029,0.41639018058776855,0.2987707555294037,-0.08565466850996017,0.45292386412620544,0.5310270190238953,-0.02512325905263424,0.4436858594417572,0.4010043442249298,-0.04527975618839264,0.4374934434890747,0.3318387269973755,-0.05902044475078583,0.43276530504226685,0.26375746726989746,-0.06873680651187897,0.4862106144428253,0.5412279963493347,-0.022567307576537132,0.4902057647705078,0.42944520711898804,-0.040887895971536636,0.4869464337825775,0.47486522793769836,-0.040218427777290344,0.4816049337387085,0.5134750008583069,-0.03566516563296318,0.5191249251365662,0.5701183676719666,-0.024942757561802864,0.5285781025886536,0.48413074016571045,-0.03827453777194023,0.5329274535179138,0.4306744933128357,-0.04292595759034157,0.535755455493927,0.37716200947761536,-0.044353701174259186
Tripataka,0.4698168635368347,0.8134114146232605,2.169405917129552e-07,0.4198139011859894,0.7748000621795654,-0.03142671287059784,0.3825679421424866,0.6941103339195251,-0.048216383904218674,0.3626253604888916,0.6208522319793701,-0.06515108048915863,0.3795431852340698,0.5615535378456116,-0.07854127138853073,0.4144226908683777,0.5443940758705139,-0.013557533733546734,0.40822118520736694,0.42494645714759827,-0.03470772132277489,0.40521687269210815,0.35751938819885254,-0.0504465326666832,0.4046543836593628,0.29824143648147583,-0.06091799959540367,0.4440150260925293,0.5352587103843689,-0.013549269177019596,0.43643367290496826,0.4067951440811157,-0.036878328770399094,0.4320189952850342,0.32820379734039307,-0.053225062787532806,0.4243146777153015,0.2611408233642578,-0.062083423137664795,0.47586947679519653,0.5483660101890564,-0.018853824585676193,0.46888378262519836,0.4390869736671448,-0.0483984537422657,0.4681837856769562,0.48315346240997314,-0.05493791401386261,0.46597588062286377,0.5240945219993591,-0.050724029541015625,0.5080373287200928,0.5771389603614807,-0.027661794796586037,0.5079554319381714,0.48865967988967896,-0.04835061356425285,0.5058005452156067,0.4324702024459839,-0.05516421049833298,0.5023459792137146,0.3770170211791992,-0.05607188493013382
Tripataka,0.47470173239707947,0.8163015246391296,1.4926210667454143e-07,0.4254373610019684,0.7731478810310364,-0.03163645416498184,0.39007923007011414,0.6910436749458313,-0.04819676652550697,0.37106677889823914,0.6163468360900879,-0.06489045172929764,0.3892221748828888,0.5590002536773682,-0.07828915864229202,0.4245915710926056,0.5457593202590942,-0.016252728179097176,0.4200025796890259,0.42508068680763245,-0.03832128271460533,0.417565256357193,0.35787737369537354,-0.05471154674887657,0.4183414578437805,0.29945144057273865,-0.06564291566610336,0.4544273018836975,0.5379034876823425,-0.015668533742427826,0.4488077759742737,0.40988630056381226,-0.03934239223599434,0.4452807605266571,0.33203214406967163,-0.05574705824255943,0.4387233257293701,0.2661556005477905,-0.06510421633720398,0.485864520072937,0.553718626499176,-0.020273104310035706,0.48221737146377563,0.443067342042923,-0.04979432746767998,0.478727787733078,0.4953293204307556,-0.055976834148168564,0.47422468662261963,0.5427209734916687,-0.051768574863672256,0.5168537497520447,0.5848197340965271,-0.028396321460604668,0.517802357673645,0.4960578680038452,-0.04956929758191109,0.5159432888031006,0.43907248973846436,-0.05698731169104576,0.5138436555862427,0.38153889775276184,-0.058492161333560944
Tripataka,0.4804970622062683,0.8080822229385376,1.4718505525479486e-08,0.42659634351730347,0.7689546346664429,-0.05132414773106575,0.3799773156642914,0.6842318177223206,-0.08026441186666489,0.3553985357284546,0.5974112749099731,-0.10642602294683456,0.37863630056381226,0.529541015625,-0.129405215382576,0.41926729679107666,0.503063440322876,-0.047365702688694,0.40824687480926514,0.35463887453079224,-0.07960906624794006,0.39968743920326233,0.26888230443000793,-0.10318898409605026,0.3972253203392029,0.19181686639785767,-0.11948173493146896,0.45809638500213623,0.4845554828643799,-0.040824707597494125,0.4392857849597931,0.33028602600097656,-0.07367605715990067,0.42843204736709595,0.23141539096832275,-0.09857750684022903,0.4168640375137329,0.14539140462875366,-0.11506227403879166,0.49622464179992676,0.5003713965415955,-0.03974590823054314,0.4955320954322815,0.3758220374584198,-0.07703001797199249,0.5059076547622681,0.41592276096343994,-0.09307780861854553,0.5107437372207642,0.4599827229976654,-0.09650992602109909,0.5329824090003967,0.5340319275856018,-0.043186310678720474,0.5361078977584839,0.4232475757598877,-0.07012198120355606,0.5322058796882629,0.3470657467842102,-0.0835110992193222,0.5273450016975403,0.27695512771606445,-0.09018585085868835
Ardhapataka,0.519546627998352,0.845208466053009,1.6910733791064558e-07,0.45363539457321167,0.7857877612113953,-0.03196193650364876,0.41574686765670776,0.7095517516136169,-0.049244850873947144,0.3931211233139038,0.6156384348869324,-0.06846501678228378,0.417804092168808,0.5789116024971008,-0.08488679677248001,0.45928090810775757,0.5292962789535522,-0.002715901704505086,0.45873481035232544,0.3954087495803833,-0.023107944056391716,0.459172785282135,0.32473284006118774,-0.04813125357031822,0.46463680267333984,0.25594595074653625,-0.0693700835108757,0.4936167299747467,0.5237076282501221,-0.0023267159704118967,0.48965612053871155,0.37675613164901733,-0.018531374633312225,0.49174657464027405,0.2952303886413574,-0.04219694435596466,0.4948204755783081,0.21748539805412292,-0.06353888660669327,0.5276694893836975,0.5458690524101257,-0.007851461879909039,0.5289985537528992,0.41309237480163574,-0.031131617724895477,0.5207251906394958,0.4690658450126648,-0.04323987662792206,0.5129889845848083,0.5319126844406128,-0.04799412190914154,0.5622053742408752,0.5858554840087891,-0.01742851547896862,0.5581515431404114,0.47550755739212036,-0.03735637664794922,0.5463474988937378,0.5007437467575073,-0.044344376772642136,0.5412139892578125,0.5501763224601746,-0.04737052321434021
Ardhapataka,0.5130409598350525,0.8275706768035889,2.4551826527385856e-07,0.456352174282074,0.7775956988334656,-0.02387011982500553,0.41989651322364807,0.6894961595535278,-0.03819209709763527,0.3970732092857361,0.607825517654419,-0.05629526823759079,0.4196628928184509,0.5613602995872498,-0.07214917242527008,0.4577368199825287,0.5169751644134521,-0.005037136375904083,0.4562569558620453,0.3847229778766632,-0.03116067498922348,0.4591582417488098,0.3108869791030884,-0.054805245250463486,0.4669371247291565,0.24611172080039978,-0.07261917740106583,0.49027085304260254,0.5138261914253235,-0.010299710556864738,0.48969200253486633,0.36404407024383545,-0.03445551171898842,0.48885780572891235,0.28082025051116943,-0.05723176524043083,0.49228161573410034,0.20613625645637512,-0.07392139732837677,0.5238631963729858,0.5353178977966309,-0.020335011184215546,0.5221480131149292,0.3972964882850647,-0.05033513903617859,0.5057786107063293,0.46473658084869385,-0.05338338762521744,0.49816322326660156,0.5319195985794067,-0.04768052324652672,0.5572556853294373,0.5768518447875977,-0.033563535660505295,0.5499833822250366,0.46366333961486816,-0.05580579489469528,0.5323338508605957,0.4902530312538147,-0.05535838380455971,0.5244010090827942,0.537324070930481,-0.05009394884109497
Ardhapataka,0.5098136067390442,0.8148406147956848,2.676020756098296e-07,0.4531463384628296,0.7568053007125854,-0.013185772113502026,0.427101194858551,0.6688641905784607,-0.022666826844215393,0.4027058482170105,0.5898962020874023,-0.03895357623696327,0.4197058081626892,0.5521242022514343,-0.053804077208042145,0.45394274592399597,0.5094490647315979,0.007012758869677782,0.45219886302948,0.3840482831001282,-0.019025051966309547,0.4564378261566162,0.31283625960350037,-0.04482494294643402,0.4657781422138214,0.24959033727645874,-0.06450016051530838,0.4833587408065796,0.507806122303009,-0.003097528824582696,0.4846629798412323,0.36026614904403687,-0.026684628799557686,0.4820270836353302,0.2764313220977783,-0.052327752113342285,0.4840424060821533,0.19851428270339966,-0.07150821387767792,0.5126706957817078,0.5281406044960022,-0.01708969660103321,0.5100472569465637,0.3925876021385193,-0.04220440238714218,0.48326820135116577,0.46028098464012146,-0.04289241135120392,0.469320684671402,0.5235975980758667,-0.036475274711847305,0.5409455299377441,0.5697004199028015,-0.03382515907287598,0.5321347117424011,0.4560186564922333,-0.049222543835639954,0.5068977475166321,0.4852476119995117,-0.0450294129550457,0.4933897852897644,0.5345197319984436,-0.03819933533668518
Ardhapataka,0.5142385959625244,0.7852787971496582,3.996548230134067e-07,0.46258413791656494,0.7428937554359436,-0.017737368121743202,0.43445977568626404,0.6538697481155396,-0.029487721621990204,0.4143780767917633,0.5805349349975586,-0.04652155190706253,0.4286559522151947,0.5531668066978455,-0.06205812096595764,0.4648240804672241,0.49336880445480347,-0.00033818575320765376,0.4666743874549866,0.3734813332557678,-0.025001488626003265,0.4729558229446411,0.30318552255630493,-0.046763595193624496,0.48274004459381104,0.24166971445083618,-0.06285186856985092,0.4960881769657135,0.4951949715614319,-0.009444642812013626,0.49759483337402344,0.3544089198112488,-0.033223364502191544,0.4971340000629425,0.2707725167274475,-0.05443352088332176,0.5009424090385437,0.19248491525650024,-0.06890730559825897,0.5275365710258484,0.5199124813079834,-0.02263307198882103,0.5266821980476379,0.396493524312973,-0.05242343991994858,0.5026201009750366,0.467136412858963,-0.052086926996707916,0.4899527430534363,0.5302397608757019,-0.04293984919786453,0.5576306581497192,0.5658888220787048,-0.03859546035528183,0.5518778562545776,0.4646410644054413,-0.0588080957531929,0.5287058353424072,0.4936976730823517,-0.05511239171028137,0.5141759514808655,0.5392316579818726,-0.04712855815887451
Ardhapataka,0.5438509583473206,0.8006881475448608,3.1146223022915365e-07,0.48733949661254883,0.7495396733283997,-0.018844330683350563,0.4536347985267639,0.6756129860877991,-0.03337295725941658,0.43179163336753845,0.5846012830734253,-0.05242493748664856,0.45123401284217834,0.5672948956489563,-0.06926027685403824,0.48875269293785095,0.49979281425476074,-0.0014811222208663821,0.4921721816062927,0.3775014877319336,-0.027631541714072227,0.49678024649620056,0.30474892258644104,-0.05432307720184326,0.5048567056655884,0.2394852340221405,-0.07588886469602585,0.5232132077217102,0.4980614185333252,-0.008081233128905296,0.5234517455101013,0.36072444915771484,-0.03145422041416168,0.5260508060455322,0.27717944979667664,-0.05736963450908661,0.5302941203117371,0.19899970293045044,-0.07797481119632721,0.5566538572311401,0.5220721960067749,-0.018254689872264862,0.5587294101715088,0.40359020233154297,-0.040431585162878036,0.5463422536849976,0.4814945459365845,-0.039259959012269974,0.5396806001663208,0.5445698499679565,-0.03346657380461693,0.5899234414100647,0.5677449703216553,-0.03186037763953209,0.5856308937072754,0.46375787258148193,-0.04803403839468956,0.5712445378303528,0.5093456506729126,-0.04423065483570099,0.5651578307151794,0.5646145343780518,-0.03763992339372635
Ardhapataka,0.5539303421974182,0.7856794595718384,2.6687882836995414e-07,0.49783337116241455,0.7454763054847717,-0.028967129066586494,0.45749351382255554,0.6825069785118103,-0.049459945410490036,0.4334511160850525,0.5981246829032898,-0.07225869596004486,0.4571830928325653,0.5719394683837891,-0.09238467365503311,0.49079152941703796,0.5080496668815613,-0.015739938244223595,0.4907834529876709,0.3827640414237976,-0.04216720908880234,0.4921955168247223,0.3133823871612549,-0.065822534263134,0.497539222240448,0.25124168395996094,-0.08489152789115906,0.5260481238365173,0.49660760164260864,-0.016921859234571457,0.5205869674682617,0.36390402913093567,-0.04247765243053436,0.5210428833961487,0.28190499544143677,-0.06659561395645142,0.5220977067947388,0.20401537418365479,-0.08527863025665283,0.560089647769928,0.5132701992988586,-0.021890724077820778,0.558526337146759,0.3981470465660095,-0.04468151181936264,0.5573320984840393,0.48012596368789673,-0.04403389245271683,0.5571005344390869,0.5401121973991394,-0.03910326585173607,0.592971682548523,0.550818920135498,-0.03093755431473255,0.5885401368141174,0.456138551235199,-0.049127474427223206,0.5849966406822205,0.5011745691299438,-0.04797246307134628,0.5855162143707275,0.5494526624679565,-0.043282464146614075
Ardhapataka,0.5718299150466919,0.7050594687461853,3.538636406119622e-07,0.5243912935256958,0.6936025023460388,-0.05031445249915123,0.48657870292663574,0.6472570896148682,-0.07819284498691559,0.47386154532432556,0.5787954330444336,-0.1012606993317604,0.49732935428619385,0.5422046184539795,-0.1214732751250267,0.5139955282211304,0.48473939299583435,-0.05306803062558174,0.5090555548667908,0.3658921718597412,-0.080394446849823,0.5047590732574463,0.297458291053772,-0.10223003476858139,0.5056738257408142,0.23191100358963013,-0.11916172504425049,0.5410475134849548,0.45910727977752686,-0.04127558693289757,0.5327416658401489,0.33111608028411865,-0.06740204989910126,0.5310211777687073,0.24759486317634583,-0.0892072319984436,0.528842031955719,0.17333003878593445,-0.10597292333841324,0.569024920463562,0.465301513671875,-0.03297063708305359,0.5702539682388306,0.365267276763916,-0.05991825833916664,0.585623025894165,0.4223124384880066,-0.07024676352739334,0.59031742811203,0.4756980240345001,-0.0726751834154129,0.5937912464141846,0.4901216924190521,-0.029211794957518578,0.5986426472663879,0.41047459840774536,-0.05403432622551918,0.6067752838134766,0.4430641531944275,-0.0625980943441391,0.6083486080169678,0.4854600429534912,-0.0648135095834732
Ardhapataka,0.5848250389099121,0.6877691745758057,3.7130934060769505e-07,0.5484774112701416,0.682340681552887,-0.060982074588537216,0.5179868340492249,0.6362563371658325,-0.090394027531147,0.5093832015991211,0.577885627746582,-0.11220136284828186,0.5272302031517029,0.5275135636329651,-0.13090553879737854,0.527999997138977,0.46662214398384094,-0.058589398860931396,0.5252826809883118,0.3573431372642517,-0.08446101099252701,0.5192596316337585,0.28825843334198,-0.10483325272798538,0.516014039516449,0.22329312562942505,-0.12037204951047897,0.5506147742271423,0.4460582733154297,-0.042830634862184525,0.5399959087371826,0.3215411305427551,-0.06592994183301926,0.5357574820518494,0.24438628554344177,-0.0862015038728714,0.5300858616828918,0.1788979470729828,-0.10181079059839249,0.5741444826126099,0.45289933681488037,-0.03225937858223915,0.5749400854110718,0.3592364192008972,-0.06434651464223862,0.598491370677948,0.3971673250198364,-0.08553744107484818,0.6101393103599548,0.44691020250320435,-0.09511473774909973,0.596961498260498,0.47458556294441223,-0.026302896440029144,0.6041469573974609,0.40557199716567993,-0.05767739564180374,0.6170006990432739,0.42947396636009216,-0.07528416067361832,0.623363196849823,0.46934863924980164,-0.08434585481882095
Ardhapataka,0.5924399495124817,0.7388739585876465,2.8729331802423985e-07,0.5438968539237976,0.711851954460144,-0.03962402045726776,0.5065053701400757,0.6551777124404907,-0.058697838336229324,0.4864150881767273,0.5887646079063416,-0.07487906515598297,0.5048031210899353,0.5513212084770203,-0.08816683292388916,0.5181768536567688,0.49563610553741455,-0.024083320051431656,0.512511670589447,0.3829651176929474,-0.04201192036271095,0.5057033896446228,0.31512582302093506,-0.058865878731012344,0.5013351440429688,0.2538300156593323,-0.07259838283061981,0.5436949133872986,0.47822508215904236,-0.017480747774243355,0.5314101576805115,0.3561888337135315,-0.034070808440446854,0.5262336134910583,0.27902740240097046,-0.05106501653790474,0.518190324306488,0.2146742343902588,-0.06426464766263962,0.5704373717308044,0.4883385896682739,-0.01581912487745285,0.5640606880187988,0.38800710439682007,-0.040596622973680496,0.5785360336303711,0.41595593094825745,-0.05656268447637558,0.585269033908844,0.4599124789237976,-0.06260791420936584,0.5991566181182861,0.512622058391571,-0.017637502402067184,0.5977676510810852,0.42965182662010193,-0.04160790517926216,0.6049836277961731,0.4380294680595398,-0.05394509434700012,0.6093869805335999,0.46891433000564575,-0.059402186423540115
Ardhapataka,0.5727506875991821,0.758192777633667,1.7522670248126815e-07,0.518905520439148,0.7148991227149963,-0.030898068100214005,0.48075225949287415,0.6445504426956177,-0.047807544469833374,0.46543607115745544,0.5719969868659973,-0.06572788953781128,0.4875129461288452,0.5368137359619141,-0.08111543953418732,0.5152356624603271,0.49634942412376404,-0.007826161570847034,0.5131123065948486,0.38474446535110474,-0.02360367216169834,0.5113197565078735,0.3254055678844452,-0.03883571922779083,0.5144304037094116,0.2707706093788147,-0.05190066248178482,0.5442340970039368,0.4863834083080292,-0.007766278926283121,0.5390751957893372,0.36197200417518616,-0.02439277619123459,0.5363724827766418,0.29298025369644165,-0.04087086766958237,0.5354654788970947,0.234866201877594,-0.05392123758792877,0.5735720992088318,0.500397801399231,-0.013076260685920715,0.5707389116287231,0.387544721364975,-0.03937690705060959,0.5655946731567383,0.4263206720352173,-0.051137909293174744,0.5617839694023132,0.4776986241340637,-0.05400724709033966,0.6043189764022827,0.5289736390113831,-0.02153787948191166,0.5966494679450989,0.44185879826545715,-0.04439426213502884,0.5905723571777344,0.4504042863845825,-0.05267000198364258,0.588965654373169,0.48118874430656433,-0.05552460625767708
Ardhapataka,0.5500486493110657,0.7757813930511475,1.8715887506459694e-07,0.49070578813552856,0.7162288427352905,-0.01953076757490635,0.4595501124858856,0.6494665741920471,-0.03231397643685341,0.4427960216999054,0.5604934096336365,-0.04931924119591713,0.4670897126197815,0.5326808094978333,-0.06383699923753738,0.5002413988113403,0.4962970018386841,0.007186284288764,0.5007385015487671,0.3770195245742798,-0.0101212402805686,0.5034671425819397,0.31573131680488586,-0.030408600345253944,0.5108445882797241,0.25961557030677795,-0.04762652888894081,0.530765175819397,0.48833537101745605,0.002906956011429429,0.5310201644897461,0.35362038016319275,-0.014114520512521267,0.5312920808792114,0.2786061465740204,-0.03529592603445053,0.5340875387191772,0.21446532011032104,-0.05285121500492096,0.5601255893707275,0.5042281150817871,-0.005898959934711456,0.5628999471664429,0.38230830430984497,-0.025107748806476593,0.5489616394042969,0.4318547546863556,-0.030267685651779175,0.5404806137084961,0.4886571764945984,-0.029841240495443344,0.5916701555252075,0.5394670367240906,-0.0179700069129467,0.5890281200408936,0.4359792470932007,-0.03195666894316673,0.5744414925575256,0.4556470215320587,-0.03343862667679787,0.566215991973877,0.5008240342140198,-0.03225891292095184
Ardhapataka,0.5328375697135925,0.8022483587265015,2.3178208152785373e-07,0.4748833477497101,0.755845308303833,-0.031242631375789642,0.4322175681591034,0.6591678261756897,-0.05004389211535454,0.41143858432769775,0.5697563886642456,-0.07173850387334824,0.4351978302001953,0.522251546382904,-0.09121063351631165,0.4756171405315399,0.47058290243148804,-0.010845471173524857,0.4791417419910431,0.3299635946750641,-0.036136120557785034,0.48265528678894043,0.2533004879951477,-0.05701936036348343,0.49122077226638794,0.1861012876033783,-0.0727938637137413,0.5136278867721558,0.46439820528030396,-0.015248292125761509,0.5147518515586853,0.30104875564575195,-0.0411042682826519,0.513900637626648,0.209945410490036,-0.061516087502241135,0.5172431468963623,0.13169154524803162,-0.07522507756948471,0.5525957345962524,0.4863765239715576,-0.025301190093159676,0.5533587336540222,0.3404281735420227,-0.062218617647886276,0.5395315289497375,0.4049212336540222,-0.0687512531876564,0.5322863459587097,0.4760463237762451,-0.06356453150510788,0.5915342569351196,0.5300698280334473,-0.0386832058429718,0.5862230062484741,0.4087817370891571,-0.06814968585968018,0.5707822442054749,0.43466055393218994,-0.07040848582983017,0.5626020431518555,0.4862216114997864,-0.06576446443796158
Ardhapataka,0.5417773127555847,0.8409083485603333,3.438958913193346e-07,0.4754997491836548,0.7930502891540527,-0.03495329990983009,0.42685621976852417,0.6804436445236206,-0.054258793592453,0.40397387742996216,0.5842052698135376,-0.0768265426158905,0.429127037525177,0.5369610786437988,-0.0973578467965126,0.47046664357185364,0.4640974998474121,-0.013817607425153255,0.4715876281261444,0.30457067489624023,-0.045390188694000244,0.4757067561149597,0.21369147300720215,-0.07208000123500824,0.48539626598358154,0.13162687420845032,-0.09178822487592697,0.513428807258606,0.4573597311973572,-0.018947919830679893,0.5130828619003296,0.2745401859283447,-0.04970385879278183,0.5112422704696655,0.17082157731056213,-0.07524246722459793,0.5141283273696899,0.07679665088653564,-0.0925060361623764,0.5577476024627686,0.48300060629844666,-0.030206242576241493,0.5584557056427002,0.31698495149612427,-0.07409725338220596,0.5448939204216003,0.4004470407962799,-0.08208221197128296,0.5392677187919617,0.4878073036670685,-0.07587841898202896,0.602597713470459,0.5340802073478699,-0.0450410470366478,0.5965479612350464,0.3986580967903137,-0.07928071916103363,0.5805467963218689,0.4377910792827606,-0.0812082439661026,0.5745973587036133,0.5025238394737244,-0.0750935822725296
Ardhapataka,0.4972456693649292,0.8091585636138916,3.9103468907342176e-07,0.43335798382759094,0.7638944983482361,-0.011943326331675053,0.4008830785751343,0.66154944896698,-0.01954694092273712,0.3762468099594116,0.579983115196228,-0.035709429532289505,0.3857015371322632,0.5282700061798096,-0.050079312175512314,0.4255182147026062,0.47797101736068726,0.013045312836766243,0.4151270091533661,0.33531737327575684,-0.015601846389472485,0.4161164462566376,0.24758851528167725,-0.044188518077135086,0.4220910668373108,0.16939303278923035,-0.06612984091043472,0.4584135115146637,0.4746396541595459,-0.0017593454103916883,0.4488085210323334,0.30372190475463867,-0.029327889904379845,0.4398576021194458,0.20122098922729492,-0.06002596393227577,0.4378927946090698,0.106667160987854,-0.0826416164636612,0.49195748567581177,0.4934096932411194,-0.020966529846191406,0.47812068462371826,0.3372344970703125,-0.05279599875211716,0.447511225938797,0.42116910219192505,-0.05419112741947174,0.43462836742401123,0.4969615936279297,-0.046076808124780655,0.5253528952598572,0.5342718958854675,-0.04309653118252754,0.5066505670547485,0.4077189266681671,-0.06417161226272583,0.4786483645439148,0.44581088423728943,-0.06075495481491089,0.46644827723503113,0.5032690167427063,-0.05304473266005516
Ardhapataka,0.5338049530982971,0.8411030769348145,1.9161099373832258e-07,0.47260868549346924,0.7973164916038513,-0.03889990970492363,0.42443811893463135,0.7110488414764404,-0.06056753545999527,0.40129441022872925,0.6329330205917358,-0.08345379680395126,0.42750483751296997,0.5924540162086487,-0.1028970256447792,0.465343713760376,0.5054851174354553,-0.009769727475941181,0.4583272933959961,0.3684709668159485,-0.030005961656570435,0.45245468616485596,0.28996366262435913,-0.050021570175886154,0.4526280164718628,0.21895641088485718,-0.0667651817202568,0.5034735798835754,0.4949367046356201,-0.010773940943181515,0.49011901021003723,0.33899128437042236,-0.03069399856030941,0.4828430116176605,0.24472151696681976,-0.049966420978307724,0.477996289730072,0.1688441038131714,-0.06505440175533295,0.5444408059120178,0.5152319669723511,-0.0187616515904665,0.537277102470398,0.3735849857330322,-0.051665179431438446,0.5362801551818848,0.42044949531555176,-0.06390321999788284,0.5347508788108826,0.48120003938674927,-0.06521571427583694,0.587334930896759,0.5518538355827332,-0.031052932143211365,0.5838091969490051,0.43582090735435486,-0.06085927039384842,0.5766767263412476,0.4502438008785248,-0.0691661611199379,0.5724206566810608,0.49023130536079407,-0.0703960433602333
Ardhapataka,0.5443231463432312,0.8408573269844055,2.2653503606306913e-07,0.48573288321495056,0.8017034530639648,-0.0387115404009819,0.43821918964385986,0.7185937762260437,-0.06036677956581116,0.421772301197052,0.639851987361908,-0.0831352099776268,0.44870591163635254,0.5976223349571228,-0.1025988757610321,0.47697651386260986,0.5131425261497498,-0.013896655291318893,0.4736599922180176,0.37288665771484375,-0.034474678337574005,0.4694640338420868,0.2949180603027344,-0.053667183965444565,0.47035545110702515,0.22340822219848633,-0.06963668018579483,0.514855682849884,0.5021764039993286,-0.015168906189501286,0.5064063668251038,0.34343424439430237,-0.03660788759589195,0.5028204321861267,0.2510131597518921,-0.056286584585905075,0.5011807680130005,0.17604294419288635,-0.07131719589233398,0.5549253225326538,0.5219255089759827,-0.02284322679042816,0.5501430034637451,0.37866485118865967,-0.05767208710312843,0.5514459013938904,0.42951732873916626,-0.07039244472980499,0.5515985488891602,0.49726980924606323,-0.07158409804105759,0.5968313217163086,0.5596773624420166,-0.03459620475769043,0.5945570468902588,0.44514700770378113,-0.0656980648636818,0.590133786201477,0.45681750774383545,-0.07453499734401703,0.5871883034706116,0.49667492508888245,-0.07595697045326233
Ardhapataka,0.5517166256904602,0.8319914937019348,2.001035994680933e-07,0.4893598258495331,0.7843841910362244,-0.03776840493083,0.4398117661476135,0.6956592202186584,-0.057919424027204514,0.41621702909469604,0.6161705255508423,-0.07874751091003418,0.43947070837020874,0.557630717754364,-0.09635847061872482,0.48348313570022583,0.5097802877426147,-0.014053728431463242,0.4797718822956085,0.37361738085746765,-0.03636309504508972,0.47642141580581665,0.2959541082382202,-0.05718392878770828,0.4778555929660797,0.2259240448474884,-0.07370693981647491,0.5212293863296509,0.49619701504707336,-0.014488223940134048,0.5127324461936951,0.33757102489471436,-0.03656155616044998,0.5095658898353577,0.24493536353111267,-0.05683359131217003,0.5084246397018433,0.16967055201530457,-0.0718650296330452,0.5605546832084656,0.5151129364967346,-0.02128179743885994,0.5559889674186707,0.3737886846065521,-0.05556207150220871,0.5578596591949463,0.4227342903614044,-0.06827389448881149,0.5589832663536072,0.48768118023872375,-0.06936915218830109,0.601495087146759,0.5527981519699097,-0.031941790133714676,0.6011032462120056,0.4410414695739746,-0.062329988926649094,0.5967421531677246,0.45309892296791077,-0.07059399783611298,0.5943308472633362,0.4923452138900757,-0.07136403024196625
Ardhapataka,0.5612815022468567,0.824661374092102,1.958763391485263e-07,0.4985993504524231,0.7685434222221375,-0.042541179805994034,0.4545578062534332,0.6702232360839844,-0.06483776867389679,0.43799784779548645,0.5729232430458069,-0.08649051189422607,0.46429774165153503,0.5010952353477478,-0.10433431714773178,0.5022363662719727,0.4937773048877716,-0.018594589084386826,0.5042601823806763,0.35403943061828613,-0.042770128697156906,0.5033763647079468,0.27461832761764526,-0.06445067375898361,0.50636887550354,0.20296502113342285,-0.08167417347431183,0.5405323505401611,0.48362481594085693,-0.016639985144138336,0.5365970730781555,0.32672423124313354,-0.04099176824092865,0.535967230796814,0.2315826714038849,-0.06331146508455276,0.5366171002388,0.1533367931842804,-0.08011026680469513,0.577651858329773,0.5053533315658569,-0.021428827196359634,0.5789817571640015,0.3698735237121582,-0.05738495662808418,0.578758180141449,0.40676069259643555,-0.07380121201276779,0.575847327709198,0.46253684163093567,-0.07791531085968018,0.6157413125038147,0.545615017414093,-0.03024807758629322,0.6196184754371643,0.4366583526134491,-0.06324323266744614,0.6121557354927063,0.45091313123703003,-0.07507728785276413,0.6039683818817139,0.49580803513526917,-0.07843389362096786
Ardhapataka,0.5991079211235046,0.8159224987030029,3.2358263979404e-07,0.5304815769195557,0.7505138516426086,-0.024518126621842384,0.4942083954811096,0.664028525352478,-0.041451312601566315,0.47258999943733215,0.56141597032547,-0.06296049803495407,0.49528414011001587,0.5166656374931335,-0.08095847815275192,0.5329667329788208,0.46020859479904175,-0.004171969834715128,0.5330007076263428,0.314525842666626,-0.03961941599845886,0.5393434166908264,0.23063667118549347,-0.07624674588441849,0.5485255718231201,0.15313416719436646,-0.10460138320922852,0.5729479193687439,0.4544350206851959,-0.009651205502450466,0.5708017349243164,0.29175370931625366,-0.041196178644895554,0.5729345083236694,0.1902657151222229,-0.07537200301885605,0.5766971111297607,0.09081071615219116,-0.1023300290107727,0.6125438809394836,0.47840750217437744,-0.019523927941918373,0.612797737121582,0.3343883454799652,-0.04599636420607567,0.6038086414337158,0.4276503622531891,-0.043196287006139755,0.6011510491371155,0.502293586730957,-0.035691998898983,0.6527696847915649,0.5290306806564331,-0.033896304666996,0.6506657004356384,0.40854597091674805,-0.051950275897979736,0.6372938752174377,0.46415796875953674,-0.04560275003314018,0.6342717409133911,0.5306702852249146,-0.036639343947172165
Ardhapataka,0.5882529020309448,0.8121696710586548,3.082411410559871e-07,0.5208414793014526,0.7469802498817444,-0.019703548401594162,0.48491591215133667,0.6626588106155396,-0.03585359826683998,0.4625532627105713,0.5590854287147522,-0.056843310594558716,0.4857122004032135,0.5201096534729004,-0.07466233521699905,0.5201231837272644,0.4647460877895355,-0.004126209765672684,0.5212042331695557,0.3195624351501465,-0.03971715644001961,0.5294234156608582,0.23693212866783142,-0.07618051022291183,0.5394034385681152,0.160132497549057,-0.10448920726776123,0.5604009628295898,0.45937344431877136,-0.010611694306135178,0.5587723851203918,0.2990953326225281,-0.04224085062742233,0.5635868310928345,0.20288747549057007,-0.07406429946422577,0.5673028230667114,0.10407668352127075,-0.09919280558824539,0.5998401641845703,0.4844456911087036,-0.02066884934902191,0.5999898314476013,0.3477942645549774,-0.0436573289334774,0.5936935544013977,0.4506804645061493,-0.03573739901185036,0.5924575924873352,0.5223512649536133,-0.025851061567664146,0.6382962465286255,0.5382272601127625,-0.03493877500295639,0.6389686465263367,0.4229038655757904,-0.049482401460409164,0.6245347857475281,0.48753130435943604,-0.039338935166597366,0.6208621859550476,0.551974892616272,-0.02834485098719597
Ardhapataka,0.5948083996772766,0.7949078679084778,3.430181720887049e-07,0.5382972359657288,0.7506409287452698,-0.049228738993406296,0.4979485869407654,0.6712032556533813,-0.07717707753181458,0.47997844219207764,0.5852961540222168,-0.10355884581804276,0.4949774146080017,0.540369987487793,-0.12741364538669586,0.5391550660133362,0.4734727144241333,-0.03532833978533745,0.5456718802452087,0.3370562195777893,-0.06683938950300217,0.5503337979316711,0.25584524869918823,-0.09331606328487396,0.5593656897544861,0.17991408705711365,-0.1136416643857956,0.5811536312103271,0.46559780836105347,-0.031624697148799896,0.5812470316886902,0.31611067056655884,-0.06381502002477646,0.5848363637924194,0.21859252452850342,-0.09141042083501816,0.5902531147003174,0.126743346452713,-0.11073245853185654,0.620332658290863,0.4893794655799866,-0.033584918826818466,0.6261049509048462,0.37629279494285583,-0.07489774376153946,0.6240147948265076,0.4598153531551361,-0.08633199334144592,0.6208263635635376,0.5298357605934143,-0.08509525656700134,0.6570796370506287,0.5358633995056152,-0.039908427745103836,0.661186158657074,0.4439255893230438,-0.07513926923274994,0.6529567837715149,0.5043792128562927,-0.07999735325574875,0.6468859314918518,0.5683050155639648,-0.0766448974609375
Ardhapataka,0.5968043208122253,0.7741005420684814,1.6448338158170372e-07,0.5450320839881897,0.7271571159362793,-0.05762850493192673,0.504505455493927,0.649386465549469,-0.09074202179908752,0.495035320520401,0.5650020837783813,-0.12013095617294312,0.5249843001365662,0.5265921950340271,-0.14708605408668518,0.5556647777557373,0.46568572521209717,-0.05255621299147606,0.560573160648346,0.3280491232872009,-0.08193431049585342,0.5616517066955566,0.24961523711681366,-0.10683388262987137,0.5685693025588989,0.17758962512016296,-0.12678396701812744,0.5928091406822205,0.4558414816856384,-0.04349025711417198,0.594996452331543,0.2992246150970459,-0.07144099473953247,0.5992592573165894,0.20950572192668915,-0.0981280654668808,0.6029209494590759,0.12869876623153687,-0.11987880617380142,0.6257789134979248,0.4791969060897827,-0.03964700177311897,0.6412509083747864,0.36533322930336,-0.07576221972703934,0.6503360271453857,0.42871156334877014,-0.09685967117547989,0.6474980711936951,0.4904404282569885,-0.10674707591533661,0.6543065905570984,0.5192481875419617,-0.04046415165066719,0.6712751984596252,0.42772358655929565,-0.07454081624746323,0.6751078963279724,0.4681698977947235,-0.08898226916790009,0.6698598265647888,0.5227665901184082,-0.09581731259822845
Ardhapataka,0.6058973073959351,0.724757730960846,5.721399247704539e-07,0.5700267553329468,0.6997320055961609,-0.07380152493715286,0.5498316884040833,0.6339322924613953,-0.107563816010952,0.549892783164978,0.5585355758666992,-0.1300327330827713,0.5747449398040771,0.5041190981864929,-0.148784801363945,0.5847879648208618,0.4586595594882965,-0.07493747025728226,0.6013659834861755,0.3265335261821747,-0.10254135727882385,0.6067095994949341,0.24567030370235443,-0.12380749732255936,0.6129368543624878,0.1684238612651825,-0.13977396488189697,0.6109274625778198,0.4480324685573578,-0.05050903931260109,0.6202672123908997,0.3085469901561737,-0.07672694325447083,0.6275245547294617,0.2127073109149933,-0.09946383535861969,0.6294800043106079,0.12844496965408325,-0.11706972867250443,0.6317242383956909,0.46920984983444214,-0.031116263940930367,0.6524357795715332,0.3779090344905853,-0.06476288288831711,0.6763639450073242,0.428143709897995,-0.08581238985061646,0.6838479042053223,0.4832301139831543,-0.09463875740766525,0.6476330757141113,0.5008066892623901,-0.01726846769452095,0.6679221391677856,0.4367426335811615,-0.050065312534570694,0.6801520586013794,0.4671516418457031,-0.06841111183166504,0.6815885901451111,0.506564199924469,-0.07767198234796524
Ardhapataka,0.5950144529342651,0.737557053565979,3.8785054812251474e-07,0.539245069026947,0.6884394884109497,-0.027975942939519882,0.5053638815879822,0.6085474491119385,-0.04551797732710838,0.4891514480113983,0.5387330055236816,-0.06459808349609375,0.48893076181411743,0.4920898675918579,-0.0817226693034172,0.5298570990562439,0.457834392786026,-0.026217956095933914,0.5281075835227966,0.335347056388855,-0.060250088572502136,0.5294215679168701,0.2572690546512604,-0.0864979475736618,0.5349176526069641,0.18600165843963623,-0.10435980558395386,0.5649536848068237,0.4559451937675476,-0.03118973784148693,0.5609158277511597,0.3205874562263489,-0.06567291170358658,0.5606887340545654,0.23097749054431915,-0.09040240198373795,0.5636119842529297,0.14475932717323303,-0.10595136135816574,0.6007972955703735,0.48078832030296326,-0.03969939053058624,0.5983526706695557,0.3971896171569824,-0.0795576274394989,0.5878291726112366,0.4920493960380554,-0.07982765883207321,0.5828871130943298,0.5625033378601074,-0.06956201046705246,0.6334856152534485,0.5267157554626465,-0.0511559434235096,0.6287173628807068,0.4574897587299347,-0.07975097000598907,0.6114078760147095,0.5192391872406006,-0.07462652027606964,0.6022791266441345,0.574347972869873,-0.06397991627454758
Ardhapataka,0.49604275822639465,0.7356610894203186,1.3143300892082266e-09,0.44278812408447266,0.6680344343185425,0.00011595730029512197,0.42178380489349365,0.5686129331588745,0.001812369329854846,0.4170675575733185,0.4948224127292633,-0.004204061813652515,0.425174355506897,0.4457806348800659,-0.00950541440397501,0.4438669681549072,0.45992007851600647,0.020579928532242775,0.42920801043510437,0.337894082069397,0.008920099586248398,0.4200232923030853,0.2675859332084656,0.00017158885020762682,0.41372135281562805,0.20393064618110657,-0.0060699498280882835,0.4649498462677002,0.4545678198337555,0.004861708264797926,0.44977858662605286,0.3084873855113983,-0.015136756002902985,0.43133366107940674,0.2240552455186844,-0.03078582137823105,0.4175519645214081,0.1552414894104004,-0.03828324005007744,0.48891016840934753,0.46375206112861633,-0.01337296050041914,0.4580579698085785,0.357913076877594,-0.04448467865586281,0.4357753098011017,0.42790988087654114,-0.04838871955871582,0.42974382638931274,0.48999693989753723,-0.040738459676504135,0.5101825594902039,0.4852971136569977,-0.03199300542473793,0.4735161364078522,0.39392271637916565,-0.05153689533472061,0.44770902395248413,0.4390462040901184,-0.04662304371595383,0.4394257962703705,0.494419127702713,-0.03775852918624878
Ardhapataka,0.5658823251724243,0.7564693689346313,1.1711073000242322e-07,0.514732837677002,0.6997582316398621,-0.015364640392363071,0.48606863617897034,0.6137585043907166,-0.023397989571094513,0.47013068199157715,0.54282146692276,-0.03632254898548126,0.47711917757987976,0.4883226156234741,-0.04726788401603699,0.5082794427871704,0.45824360847473145,0.006665603723376989,0.5014533996582031,0.3408834934234619,-0.016582364216446877,0.500146210193634,0.27228644490242004,-0.038035422563552856,0.5027345418930054,0.2080843448638916,-0.05354717746376991,0.5359965562820435,0.45440322160720825,-0.0013432251289486885,0.5277086496353149,0.3222874701023102,-0.023581407964229584,0.5187987089157104,0.24392525851726532,-0.04266221076250076,0.5137859582901001,0.17234504222869873,-0.05518936365842819,0.5674288868904114,0.4717291295528412,-0.01378235500305891,0.5565345287322998,0.36172157526016235,-0.042484864592552185,0.5394898056983948,0.43631094694137573,-0.04277535155415535,0.5326857566833496,0.5002551078796387,-0.03445287048816681,0.5982255935668945,0.5082657337188721,-0.028825990855693817,0.5840467214584351,0.42105647921562195,-0.048782408237457275,0.5638668537139893,0.45984652638435364,-0.04454449564218521,0.5552043914794922,0.5101944208145142,-0.03604314476251602
Ardhapataka,0.6141571998596191,0.7088257670402527,1.2988427045002027e-07,0.5503456592559814,0.6744276285171509,-0.018242262303829193,0.5049883127212524,0.6216521859169006,-0.024646440520882607,0.476125031709671,0.5435251593589783,-0.033083055168390274,0.493801474571228,0.49994486570358276,-0.03861717879772186,0.5214633345603943,0.48593971133232117,0.012013401836156845,0.5065202713012695,0.3774314522743225,0.00030253015574999154,0.501178503036499,0.3226647973060608,-0.01685147173702717,0.4994530975818634,0.26676809787750244,-0.032141946256160736,0.5479148030281067,0.4627143442630768,0.011940713971853256,0.5299780368804932,0.3507715165615082,0.003214198397472501,0.5235015153884888,0.2876774072647095,-0.0124288909137249,0.5176441073417664,0.22912921011447906,-0.02716226689517498,0.5776402950286865,0.46286121010780334,0.007236069533973932,0.5644104480743408,0.35823652148246765,-0.006175162270665169,0.5690971612930298,0.4084240794181824,-0.011415689252316952,0.5749735236167908,0.4598556160926819,-0.012584025971591473,0.6107091903686523,0.48009079694747925,-0.00042697525350376964,0.600483238697052,0.3905041515827179,-0.013646372593939304,0.5957353711128235,0.42091476917266846,-0.016741976141929626,0.5989522933959961,0.4659150540828705,-0.017133573070168495
Ardhapataka,0.6245442628860474,0.7046554088592529,1.7450389577788883e-07,0.5610199570655823,0.6837757229804993,-0.015626059845089912,0.510154128074646,0.6387673020362854,-0.018143467605113983,0.4851585626602173,0.5719869136810303,-0.021717382594943047,0.5034617185592651,0.5315977334976196,-0.022142358124256134,0.528975248336792,0.5229994058609009,0.01685570552945137,0.512549102306366,0.4251026213169098,0.012813225388526917,0.507978618144989,0.3781123757362366,0.0036925168242305517,0.503849983215332,0.3301483392715454,-0.005517547484487295,0.5536113381385803,0.4963103234767914,0.018141265958547592,0.5349168181419373,0.4030560851097107,0.014734392985701561,0.5290964841842651,0.34634658694267273,0.004659968428313732,0.5211594700813293,0.29638242721557617,-0.0047225444577634335,0.5818560123443604,0.4931354820728302,0.014999203383922577,0.5673385262489319,0.40755757689476013,0.0029595126397907734,0.5770484209060669,0.43939951062202454,-0.004386523272842169,0.5840486288070679,0.47979018092155457,-0.005974618252366781,0.6150960922241211,0.5046131610870361,0.009714418090879917,0.6063006520271301,0.4296814799308777,-0.0038943167310208082,0.6055670380592346,0.4419560432434082,-0.009619224816560745,0.6069883108139038,0.472068190574646,-0.011229733005166054
Ardhapataka,0.6737498044967651,0.6898846626281738,1.7560641651925835e-07,0.6327623128890991,0.6673108339309692,-0.03518807515501976,0.585608184337616,0.6187548637390137,-0.045656755566596985,0.5527920722961426,0.5701395869255066,-0.052235379815101624,0.5472913980484009,0.5267995595932007,-0.0558796189725399,0.5767569541931152,0.5047951936721802,-0.018258919939398766,0.5613427758216858,0.40559402108192444,-0.030496107414364815,0.5509916543960571,0.3499404191970825,-0.041444920003414154,0.5401444435119629,0.2998804748058319,-0.05018601194024086,0.5980870127677917,0.48237231373786926,-0.009453185833990574,0.5760955810546875,0.3769679069519043,-0.02319006808102131,0.56672203540802,0.3134571313858032,-0.03782541677355766,0.5553174614906311,0.26164358854293823,-0.048824381083250046,0.6221447587013245,0.47914257645606995,-0.005070627201348543,0.6100946068763733,0.3899496793746948,-0.02871428243815899,0.6319026350975037,0.4092977046966553,-0.046522773802280426,0.6467921137809753,0.4448466897010803,-0.053663186728954315,0.6458900570869446,0.487117737531662,-0.0032183474395424128,0.6389801502227783,0.41959595680236816,-0.02712838351726532,0.6494701504707336,0.42155447602272034,-0.042161908000707626,0.6588290333747864,0.4422045648097992,-0.04971069097518921
Ardhapataka,0.6844841837882996,0.6882737874984741,2.0830090363688214e-07,0.648510754108429,0.667380690574646,-0.045690469443798065,0.6059528589248657,0.6228401064872742,-0.061172276735305786,0.5715320110321045,0.5778130292892456,-0.06933075934648514,0.5623533725738525,0.5355909466743469,-0.07404474914073944,0.5944764614105225,0.48946332931518555,-0.039162930101156235,0.5789293646812439,0.38293907046318054,-0.054523907601833344,0.5697698593139648,0.32366445660591125,-0.06790497899055481,0.5605766177177429,0.2649397850036621,-0.07879317551851273,0.6148886680603027,0.4654170870780945,-0.023935729637742043,0.5934981107711792,0.3522566556930542,-0.039197929203510284,0.5860748291015625,0.2839829921722412,-0.05506673827767372,0.576201856136322,0.220685213804245,-0.06851835548877716,0.6377694606781006,0.4633629322052002,-0.012478112243115902,0.6293394565582275,0.37314724922180176,-0.033516816794872284,0.6514607667922974,0.4003617763519287,-0.04990573972463608,0.664644181728363,0.43506646156311035,-0.05782055854797363,0.6587230563163757,0.4745628833770752,-0.004478068090975285,0.6546412110328674,0.4069633483886719,-0.02476767636835575,0.6666443943977356,0.420617014169693,-0.037468817085027695,0.676149308681488,0.45045027136802673,-0.044564127922058105
Ardhapataka,0.6727626323699951,0.7611861824989319,5.753127751972897e-09,0.6139455437660217,0.7068842649459839,-0.01761843077838421,0.5768320560455322,0.6546110510826111,-0.02911822497844696,0.5561412572860718,0.5765655040740967,-0.042969897389411926,0.5671842098236084,0.5346633791923523,-0.05449175834655762,0.6036303639411926,0.4940885901451111,-0.0044852918945252895,0.5971517562866211,0.3784142732620239,-0.02383720688521862,0.5958523750305176,0.3184303045272827,-0.04706403985619545,0.5992296934127808,0.2559574246406555,-0.06693962216377258,0.6314730644226074,0.4809228777885437,-0.00624117162078619,0.623073160648346,0.3525104224681854,-0.02461002767086029,0.6240341067314148,0.2844081521034241,-0.047331031411886215,0.6231542229652405,0.2134624421596527,-0.0678778886795044,0.6621939539909363,0.4917137920856476,-0.010484172962605953,0.6567143797874451,0.38152849674224854,-0.026564981788396835,0.6577173471450806,0.45504263043403625,-0.030870718881487846,0.6573624610900879,0.5095305442810059,-0.03263228386640549,0.6910003423690796,0.520585834980011,-0.017475830391049385,0.6856894493103027,0.42695170640945435,-0.0305571798235178,0.6809305548667908,0.4741945266723633,-0.030541175976395607,0.6817204356193542,0.5264300107955933,-0.029401661828160286
Ardhapataka,0.6606311798095703,0.742690920829773,7.014858027787341e-08,0.6093090176582336,0.699741780757904,-0.02607833780348301,0.5695362091064453,0.6360800266265869,-0.04008287191390991,0.5477495789527893,0.5702407360076904,-0.05509878695011139,0.5539716482162476,0.526878833770752,-0.06843560934066772,0.5887507200241089,0.4826592803001404,-0.011074370704591274,0.5834309458732605,0.3741097152233124,-0.030466947704553604,0.5812150239944458,0.3131391108036041,-0.04853205755352974,0.5826994180679321,0.2549290359020233,-0.06216103583574295,0.6181565523147583,0.46766197681427,-0.01181203592568636,0.6087380051612854,0.34567487239837646,-0.028547395020723343,0.6057625412940979,0.2762637734413147,-0.0425029955804348,0.6033526062965393,0.21039900183677673,-0.0527670793235302,0.6508773565292358,0.4766908586025238,-0.01697561889886856,0.6423467397689819,0.3832659423351288,-0.04158821329474449,0.6435897350311279,0.4568387269973755,-0.04631621763110161,0.6445954442024231,0.5120165348052979,-0.043455082923173904,0.6839252710342407,0.5020643472671509,-0.024976404383778572,0.6742229461669922,0.421060174703598,-0.045256294310092926,0.6704356074333191,0.47086626291275024,-0.045034997165203094,0.6728345155715942,0.5194944143295288,-0.04063237085938454
Ardhapataka,0.6283993721008301,0.7408145666122437,1.283471959823146e-07,0.5737278461456299,0.7088816165924072,-0.023320887237787247,0.5337870121002197,0.6389535069465637,-0.03600074723362923,0.5081166625022888,0.5652198195457458,-0.051192507147789,0.5189762711524963,0.5219233632087708,-0.06424105912446976,0.544037401676178,0.4862901270389557,-0.0072531201876699924,0.5226947665214539,0.3727762699127197,-0.029423154890537262,0.5121481418609619,0.30585646629333496,-0.04896862432360649,0.506334662437439,0.24539245665073395,-0.0641077309846878,0.5761510729789734,0.46589285135269165,-0.010683594271540642,0.5546345114707947,0.343705952167511,-0.03321349620819092,0.54595947265625,0.269404798746109,-0.05304944887757301,0.5387575626373291,0.20327183604240417,-0.06684985011816025,0.6115217804908752,0.47142288088798523,-0.018094200640916824,0.5988889932632446,0.3723495602607727,-0.046326711773872375,0.6033159494400024,0.44340890645980835,-0.0499274767935276,0.6065173745155334,0.5029694437980652,-0.04512186348438263,0.6477928757667542,0.49656084179878235,-0.028260713443160057,0.6402822136878967,0.4145060181617737,-0.051400139927864075,0.6374558210372925,0.46084174513816833,-0.05123206600546837,0.638415515422821,0.5127356648445129,-0.045605309307575226
Ardhapataka,0.5971447229385376,0.7259628772735596,9.860594474275786e-08,0.5396327376365662,0.6910861134529114,-0.025785833597183228,0.5001232624053955,0.6239558458328247,-0.03811362385749817,0.4772035479545593,0.5486188530921936,-0.05191081762313843,0.4762624502182007,0.47892850637435913,-0.0635567158460617,0.5219366550445557,0.4740862250328064,-0.007594328839331865,0.5068130493164062,0.3572515845298767,-0.028607241809368134,0.4989740252494812,0.2930948734283447,-0.04843896999955177,0.496095210313797,0.23039165139198303,-0.06363421678543091,0.5521401762962341,0.4564111530780792,-0.008817982859909534,0.5320991277694702,0.3335868716239929,-0.028072023764252663,0.5219194889068604,0.2626243829727173,-0.04692923650145531,0.514794111251831,0.19551041722297668,-0.06122247874736786,0.5865342617034912,0.46130383014678955,-0.014681396074593067,0.5727251768112183,0.34904366731643677,-0.04120444506406784,0.5731120109558105,0.40580999851226807,-0.049591951072216034,0.5757346153259277,0.4620923399925232,-0.04955780878663063,0.6229795217514038,0.4814324676990509,-0.023431751877069473,0.6128674149513245,0.3901345133781433,-0.046849872916936874,0.6043387055397034,0.41935423016548157,-0.05102469027042389,0.6025968194007874,0.46674421429634094,-0.04952208325266838
Ardhapataka,0.6186283826828003,0.8956682682037354,3.964048573834589e-07,0.5452203154563904,0.8346525430679321,-0.025322262197732925,0.49918532371520996,0.7346259355545044,-0.04030442610383034,0.48070502281188965,0.6255608201026917,-0.060223307460546494,0.5120314955711365,0.6119295954704285,-0.07628018409013748,0.5490500330924988,0.5108983516693115,0.012535099871456623,0.5518519282341003,0.3615947961807251,-0.008623596280813217,0.5574225783348083,0.27978572249412537,-0.03466930612921715,0.5635662078857422,0.20305240154266357,-0.05796097218990326,0.5922901034355164,0.5053384304046631,0.005048396997153759,0.5897508859634399,0.34559953212738037,-0.01676870882511139,0.5940691828727722,0.24161770939826965,-0.045856229960918427,0.5957280993461609,0.14707034826278687,-0.06957738101482391,0.632798969745636,0.532727837562561,-0.008334959857165813,0.6303591728210449,0.3910234570503235,-0.03461780026555061,0.6310479640960693,0.4872901737689972,-0.03818775713443756,0.6317943930625916,0.5658003091812134,-0.034635286778211594,0.6750451922416687,0.5858116149902344,-0.026063993573188782,0.6690925359725952,0.4636107385158539,-0.04831618443131447,0.6647295951843262,0.5203470587730408,-0.04848054423928261,0.666360080242157,0.5870218276977539,-0.04413806274533272
Ardhapataka,0.6277177333831787,0.877106785774231,2.8051599088030343e-07,0.5626752972602844,0.8177146911621094,-0.03816527500748634,0.513773500919342,0.720260739326477,-0.05991014093160629,0.49408215284347534,0.6218996047973633,-0.08384129405021667,0.5239651799201965,0.5964257717132568,-0.10462735593318939,0.5652405023574829,0.5014983415603638,-0.009645567275583744,0.5717160105705261,0.34895944595336914,-0.03536782041192055,0.5754401683807373,0.26165950298309326,-0.05860256403684616,0.5813208222389221,0.18174225091934204,-0.0780593752861023,0.6116651892662048,0.4972423017024994,-0.013356485404074192,0.6072940826416016,0.33011025190353394,-0.043124422430992126,0.6094432473182678,0.22223064303398132,-0.07054151594638824,0.6106440424919128,0.12411379814147949,-0.08953931927680969,0.6560017466545105,0.5277597904205322,-0.02339245192706585,0.6532391905784607,0.39958322048187256,-0.06484882533550262,0.6551553606987,0.5004090666770935,-0.07537361979484558,0.6559746265411377,0.5787330865859985,-0.0724089965224266,0.6979802846908569,0.5815976858139038,-0.03727640584111214,0.693267822265625,0.47507429122924805,-0.0733722671866417,0.6897706389427185,0.5398052334785461,-0.07826196402311325,0.6898064017295837,0.606006920337677,-0.0743638426065445
Ardhapataka,0.6313763856887817,0.8715164661407471,2.932809479716525e-07,0.5667369365692139,0.8164074420928955,-0.03898585960268974,0.5183409452438354,0.720342755317688,-0.06151795759797096,0.49785810708999634,0.6218170523643494,-0.08581428229808807,0.5255144834518433,0.5896177887916565,-0.10675621032714844,0.5681189298629761,0.5007985234260559,-0.011746694333851337,0.571907103061676,0.3492463231086731,-0.03690393269062042,0.5742278099060059,0.2644975185394287,-0.060059916228055954,0.5792624354362488,0.1848023235797882,-0.07956232130527496,0.6127843856811523,0.4957406222820282,-0.014864716678857803,0.6060997843742371,0.33158642053604126,-0.04346492886543274,0.607807993888855,0.22519078850746155,-0.07063574343919754,0.6078076362609863,0.12908798456192017,-0.08998525887727737,0.6554508805274963,0.5242644548416138,-0.02420230768620968,0.6535206437110901,0.3943027853965759,-0.06423183530569077,0.6574825644493103,0.49013781547546387,-0.07507868856191635,0.6575887203216553,0.5680903792381287,-0.07294607907533646,0.6965063214302063,0.5741932988166809,-0.03751745820045471,0.6936583518981934,0.4666968882083893,-0.07310497015714645,0.6913456916809082,0.5284162163734436,-0.07857304811477661,0.6899755001068115,0.594563364982605,-0.07525599002838135
Ardhapataka,0.6149874329566956,0.8373632431030273,1.6134249847254978e-07,0.5661755204200745,0.7907286882400513,-0.05749376863241196,0.5274545550346375,0.7131698131561279,-0.08800342679023743,0.5235764384269714,0.6334762573242188,-0.11380965262651443,0.5560277700424194,0.5917653441429138,-0.13544996082782745,0.5691561102867126,0.5178648829460144,-0.04558217152953148,0.5690990686416626,0.3819114565849304,-0.06956126540899277,0.5641760230064392,0.3000297546386719,-0.08973383158445358,0.5624281167984009,0.2236109972000122,-0.10727356374263763,0.6064020395278931,0.5075122117996216,-0.036646872758865356,0.5988274812698364,0.3556666970252991,-0.06272666901350021,0.594318151473999,0.261339008808136,-0.08644997328519821,0.5876352787017822,0.1799178123474121,-0.10531657934188843,0.6387774348258972,0.5347188711166382,-0.03360597416758537,0.6534131169319153,0.4219054579734802,-0.07147832959890366,0.6740099787712097,0.47270962595939636,-0.09475185722112656,0.679779589176178,0.5306399464607239,-0.10558455437421799,0.6673744320869446,0.5780107975006104,-0.035120509564876556,0.6842932105064392,0.4994813799858093,-0.07351365685462952,0.6924482583999634,0.5284937620162964,-0.09295736998319626,0.6920454502105713,0.5718176364898682,-0.10283536463975906
Ardhapataka,0.6202448606491089,0.856493353843689,1.31331375996524e-07,0.5657892823219299,0.803390383720398,-0.034329548478126526,0.5234770774841309,0.7144565582275391,-0.05398313328623772,0.5091550350189209,0.6306325793266296,-0.0749392881989479,0.5400554537773132,0.595455527305603,-0.09266981482505798,0.5657528638839722,0.5276036858558655,-0.008574611507356167,0.5664125680923462,0.39589112997055054,-0.026781782507896423,0.5638467073440552,0.32166004180908203,-0.043997861444950104,0.5657690763473511,0.2560056746006012,-0.05873289704322815,0.6023073792457581,0.5222902297973633,-0.010197454132139683,0.5963132381439209,0.37551096081733704,-0.02855093590915203,0.5930714011192322,0.2875637710094452,-0.0462026447057724,0.5896331071853638,0.2164877951145172,-0.05980145186185837,0.6391409039497375,0.5475900173187256,-0.01788284443318844,0.639025092124939,0.4210607707500458,-0.04711846634745598,0.6405230760574341,0.4694795608520508,-0.058897435665130615,0.6397692561149597,0.5248053669929504,-0.06093333289027214,0.6753060817718506,0.5893223285675049,-0.029215073212981224,0.6732959747314453,0.48077595233917236,-0.05678340420126915,0.6660909652709961,0.5051409006118774,-0.06415216624736786,0.6615333557128906,0.5516282916069031,-0.06481856852769852
Ardhapataka,0.607816755771637,0.85499107837677,3.019952714566898e-07,0.5517533421516418,0.7891161441802979,-0.013916573487222195,0.5206936001777649,0.7005864381790161,-0.02443593554198742,0.506527304649353,0.6239305138587952,-0.042377058416604996,0.5247741341590881,0.5919334888458252,-0.057877860963344574,0.5576516389846802,0.5198842883110046,0.014131490141153336,0.55675208568573,0.3983253240585327,-0.0076351407915353775,0.5612283945083618,0.3262453079223633,-0.028723526746034622,0.5715951323509216,0.2617068588733673,-0.04516023397445679,0.5901095867156982,0.5199702978134155,9.243546810466796e-05,0.5882699489593506,0.3779847025871277,-0.02548748254776001,0.5844356417655945,0.286722332239151,-0.0492374449968338,0.5857110023498535,0.21129825711250305,-0.06483834236860275,0.6219741702079773,0.5446709394454956,-0.01860012672841549,0.6117206811904907,0.4370001554489136,-0.05016779154539108,0.584494411945343,0.514621913433075,-0.05014936253428459,0.5710933804512024,0.5822219252586365,-0.040312208235263824,0.6496325731277466,0.5913612246513367,-0.04028956592082977,0.6366885900497437,0.48917078971862793,-0.05832439288496971,0.6115142703056335,0.5206196904182434,-0.05147375911474228,0.5967512130737305,0.569973349571228,-0.04135385900735855
Kartarimukha,0.5640146136283875,0.8187376856803894,-4.803699837907516e-08,0.5227188467979431,0.7340567708015442,-0.025073539465665817,0.5020565986633301,0.6553398966789246,-0.04253450781106949,0.4968494176864624,0.5976190567016602,-0.06148559972643852,0.5147881507873535,0.5545215010643005,-0.07877889275550842,0.5653941631317139,0.5179906487464905,-0.025607479736208916,0.5774229168891907,0.39768320322036743,-0.05350106209516525,0.5912278294563293,0.33407726883888245,-0.0702909454703331,0.6055526733398438,0.27953261137008667,-0.08037794381380081,0.5946858525276184,0.5331571698188782,-0.0288582444190979,0.5560433268547058,0.44408464431762695,-0.06278622895479202,0.5236474275588989,0.3845982551574707,-0.0773640125989914,0.5016024112701416,0.3253241777420044,-0.08094681054353714,0.6121388077735901,0.5734909772872925,-0.035435017198324203,0.5373877882957458,0.5720643401145935,-0.06892706453800201,0.5190473198890686,0.6339122653007507,-0.07058173418045044,0.5206804275512695,0.6740966439247131,-0.06232285872101784,0.6150693297386169,0.6248465180397034,-0.04511754959821701,0.5494208335876465,0.6309887766838074,-0.06637775897979736,0.5363763570785522,0.6771892309188843,-0.06450764089822769,0.54164719581604,0.7076838612556458,-0.056232716888189316
Kartarimukha,0.5620742440223694,0.8059288263320923,-7.797779488782908e-08,0.5212689638137817,0.7196177840232849,-0.02610439993441105,0.5017213821411133,0.6394551992416382,-0.04364130645990372,0.49932634830474854,0.5806334614753723,-0.06217530742287636,0.5213395357131958,0.5387698411941528,-0.0790676698088646,0.5656152963638306,0.5049411058425903,-0.024751966819167137,0.5787052512168884,0.3885263204574585,-0.05066759139299393,0.5923902988433838,0.3258168697357178,-0.06621433049440384,0.6069869995117188,0.27176398038864136,-0.07572482526302338,0.5958295464515686,0.5202072262763977,-0.02677331678569317,0.5591445565223694,0.4269212782382965,-0.057475876063108444,0.5285024642944336,0.3697567582130432,-0.07066842913627625,0.5084665417671204,0.31319665908813477,-0.07366234064102173,0.6144456267356873,0.5596944093704224,-0.032167088240385056,0.5411273837089539,0.5578696131706238,-0.06259948015213013,0.523529589176178,0.620926558971405,-0.06462033092975616,0.5268109440803528,0.6597466468811035,-0.05762319266796112,0.6187379360198975,0.6092977523803711,-0.04076707735657692,0.5532750487327576,0.6146078705787659,-0.06080106645822525,0.5403583645820618,0.6643419861793518,-0.059374336153268814,0.5463979244232178,0.6968791484832764,-0.05191575363278389
Kartarimukha,0.5586337447166443,0.7909411191940308,2.8798309514854736e-08,0.5182709097862244,0.7162396907806396,-0.025712618604302406,0.4990459978580475,0.6296430826187134,-0.042437490075826645,0.502936840057373,0.5644311308860779,-0.060765206813812256,0.5314737558364868,0.5332253575325012,-0.07690025866031647,0.551234781742096,0.5036748051643372,-0.023458808660507202,0.5647574663162231,0.37862855195999146,-0.052551619708538055,0.5797104835510254,0.31430310010910034,-0.06873025745153427,0.5969172120094299,0.2596819996833801,-0.07783101499080658,0.5835484862327576,0.512409508228302,-0.02621287852525711,0.5567823648452759,0.41706496477127075,-0.06501839309930801,0.5327639579772949,0.35398849844932556,-0.08084410429000854,0.5173301696777344,0.2946969270706177,-0.08336605131626129,0.6093081831932068,0.5423612594604492,-0.03252333775162697,0.548690140247345,0.5412203073501587,-0.0724172592163086,0.5306104421615601,0.6135622262954712,-0.07323650270700455,0.5291712284088135,0.6649378538131714,-0.06136270985007286,0.6239635348320007,0.5859169960021973,-0.04198265075683594,0.5647907257080078,0.5938129425048828,-0.06847978383302689,0.5492346882820129,0.6481978893280029,-0.06723219156265259,0.550564169883728,0.686714768409729,-0.0575881153345108
Kartarimukha,0.5480912923812866,0.7884117364883423,2.5567549855054494e-08,0.5091753602027893,0.7316228151321411,-0.027427274733781815,0.49247556924819946,0.6392817497253418,-0.0411856435239315,0.510628342628479,0.5713365077972412,-0.05570439249277115,0.5400345921516418,0.526176393032074,-0.06750216335058212,0.5229784846305847,0.510826826095581,-0.018272003158926964,0.5341004133224487,0.38785427808761597,-0.043096043169498444,0.5446457862854004,0.32250985503196716,-0.05499992519617081,0.5559117794036865,0.26816633343696594,-0.060479260981082916,0.5583043098449707,0.5113322138786316,-0.018872560933232307,0.5424489378929138,0.4037090539932251,-0.051908623427152634,0.5299527645111084,0.3405201733112335,-0.06476353853940964,0.5234169363975525,0.2880648970603943,-0.06554992496967316,0.5897048115730286,0.5335373282432556,-0.023695478215813637,0.5546205639839172,0.5412530303001404,-0.06369096040725708,0.536120593547821,0.6190041303634644,-0.06735096126794815,0.5309281945228577,0.6704756617546082,-0.05686739459633827,0.61536705493927,0.5706971883773804,-0.03127043694257736,0.5737080574035645,0.5865581035614014,-0.059215325862169266,0.5559296607971191,0.6478487849235535,-0.060365043580532074,0.5534815192222595,0.6902852058410645,-0.05256268009543419
Kartarimukha,0.5458212494850159,0.7943233251571655,5.0585128974489635e-08,0.5108402967453003,0.7330746054649353,-0.02775956131517887,0.49893203377723694,0.639789879322052,-0.040761008858680725,0.524520218372345,0.5739052891731262,-0.05382106825709343,0.5594697594642639,0.5317250490188599,-0.06414934992790222,0.5175161361694336,0.5204904675483704,-0.018030155450105667,0.5257975459098816,0.4074130952358246,-0.041840896010398865,0.5335456132888794,0.3416634798049927,-0.05365797504782677,0.5426493287086487,0.2836638391017914,-0.05974291265010834,0.5522443056106567,0.5170664191246033,-0.018700242042541504,0.5462613701820374,0.4054298996925354,-0.050402894616127014,0.5404093265533447,0.3356969952583313,-0.06336779147386551,0.5383626222610474,0.27715063095092773,-0.06523987650871277,0.5836876630783081,0.5385308265686035,-0.023526836186647415,0.5697880387306213,0.5400964617729187,-0.06465853005647659,0.551313042640686,0.62213134765625,-0.06786336749792099,0.5429501533508301,0.6775141954421997,-0.05679423734545708,0.6118140816688538,0.5771217346191406,-0.031038882210850716,0.5868973731994629,0.5830346345901489,-0.060783613473176956,0.5675314664840698,0.6455013751983643,-0.06159176677465439,0.5602993965148926,0.6914626359939575,-0.05358048155903816
Kartarimukha,0.5495226979255676,0.7719906568527222,3.642663841674221e-07,0.5239613056182861,0.714758038520813,-0.03930756077170372,0.5196208357810974,0.6396483778953552,-0.05346796289086342,0.5500130653381348,0.5787351131439209,-0.06361294537782669,0.5804498791694641,0.532333254814148,-0.0701572597026825,0.5145329833030701,0.5242932438850403,-0.026740076020359993,0.5212270021438599,0.40625715255737305,-0.04688609018921852,0.5287969708442688,0.3368222713470459,-0.057708676904439926,0.5366606116294861,0.27571460604667664,-0.06348410993814468,0.5462227463722229,0.5289624333381653,-0.0198854710906744,0.5499342679977417,0.41814398765563965,-0.045629873871803284,0.5535449981689453,0.34658926725387573,-0.0574968084692955,0.5562325119972229,0.2825084626674652,-0.060099370777606964,0.5731105208396912,0.560154378414154,-0.01782602071762085,0.5836596488952637,0.5385197997093201,-0.05650375038385391,0.5685029625892639,0.6150029897689819,-0.059086114168167114,0.5578117966651917,0.6592513918876648,-0.04746726527810097,0.595048725605011,0.6032817363739014,-0.01868731528520584,0.6021248698234558,0.5711491703987122,-0.04921481013298035,0.5899859070777893,0.6160199046134949,-0.048889804631471634,0.5798273086547852,0.6434241533279419,-0.039694156497716904
Kartarimukha,0.5459380745887756,0.7740790247917175,3.370032004568202e-07,0.5303695797920227,0.7178533673286438,-0.03751120716333389,0.5356855392456055,0.6412149667739868,-0.04933077469468117,0.5714303255081177,0.5838817358016968,-0.057077646255493164,0.6037203073501587,0.5450026392936707,-0.06089489907026291,0.5163882970809937,0.5225856304168701,-0.020564742386341095,0.5215108394622803,0.4090665578842163,-0.03802085667848587,0.5262420773506165,0.33940184116363525,-0.04797874763607979,0.5297486186027527,0.2794255018234253,-0.053170669823884964,0.5478110909461975,0.5251882672309875,-0.012101156637072563,0.5605929493904114,0.4187498688697815,-0.03386560082435608,0.5745595693588257,0.35349327325820923,-0.04542688652873039,0.5860478281974792,0.29107412695884705,-0.04896184056997299,0.5742592811584473,0.5507527589797974,-0.008223877288401127,0.5979052186012268,0.5319551825523376,-0.04084622487425804,0.5849827527999878,0.5945025086402893,-0.04357387498021126,0.570604145526886,0.6281575560569763,-0.03413774073123932,0.5932033061981201,0.5854993462562561,-0.00724227586761117,0.6105517148971558,0.5696899890899658,-0.030381007120013237,0.5975664854049683,0.6114955544471741,-0.028241006657481194,0.5836803317070007,0.6352745890617371,-0.01949840411543846
Kartarimukha,0.5520516037940979,0.6968611478805542,4.1826328356364684e-07,0.5676178336143494,0.6559661626815796,-0.046905167400836945,0.5915343761444092,0.5938860177993774,-0.05722485110163689,0.6269558072090149,0.5439798831939697,-0.056154362857341766,0.6455649137496948,0.49513858556747437,-0.049243390560150146,0.5489630699157715,0.48278820514678955,-0.043137263506650925,0.5588133931159973,0.3719428777694702,-0.057985927909612656,0.5592278838157654,0.305747389793396,-0.06664477288722992,0.5592601299285889,0.24758154153823853,-0.07059591263532639,0.5658054947853088,0.4893302917480469,-0.02220299281179905,0.5982185006141663,0.3972507119178772,-0.03735945373773575,0.6263123750686646,0.338573157787323,-0.04773664474487305,0.6494444608688354,0.28320425748825073,-0.05301320180296898,0.581940770149231,0.5110226273536682,-0.0047997971996665,0.6169414520263672,0.49771979451179504,-0.028239471837878227,0.6121530532836914,0.551163911819458,-0.03633442148566246,0.6022377610206604,0.5763440132141113,-0.03356693312525749,0.5967738628387451,0.5380045771598816,0.009534510783851147,0.6260522603988647,0.5343471765518188,-0.009063582867383957,0.6209988594055176,0.5721278190612793,-0.013374551199376583,0.6101329326629639,0.5900353789329529,-0.010905170813202858
Kartarimukha,0.5564688444137573,0.6625610589981079,3.634869472080027e-07,0.5814114809036255,0.6296592950820923,-0.0535283200442791,0.6111614108085632,0.5612497925758362,-0.06144506856799126,0.6428924798965454,0.5076334476470947,-0.053128667175769806,0.6546145081520081,0.45323461294174194,-0.03679513931274414,0.5631640553474426,0.4591336250305176,-0.05764119699597359,0.5717132091522217,0.3476632237434387,-0.07191111892461777,0.5692071914672852,0.2785707712173462,-0.07955839484930038,0.5659993886947632,0.21950028836727142,-0.08296661823987961,0.5704628825187683,0.4603263735771179,-0.027624867856502533,0.6026044487953186,0.358136922121048,-0.0451931357383728,0.6297487020492554,0.2959434390068054,-0.059162240475416183,0.6506903767585754,0.23653241991996765,-0.06785654276609421,0.5835018157958984,0.4734419286251068,0.00044358306331560016,0.6276918053627014,0.45706525444984436,-0.021061714738607407,0.6267820000648499,0.5114932060241699,-0.030161142349243164,0.6197337508201599,0.5336927175521851,-0.029447592794895172,0.5982357859611511,0.48641687631607056,0.025287650525569916,0.6318170428276062,0.48795077204704285,0.007662148680537939,0.6277990341186523,0.532765805721283,0.0008706363150849938,0.616895318031311,0.5496553182601929,0.0006032498204149306
Kartarimukha,0.5033755898475647,0.7151523232460022,1.7391758033724614e-09,0.47316938638687134,0.647249698638916,-0.022539377212524414,0.4563235938549042,0.575374186038971,-0.037081703543663025,0.4609891474246979,0.5314033031463623,-0.05187714472413063,0.4844951629638672,0.5290259718894958,-0.06440699845552444,0.5157285928726196,0.4605069160461426,-0.026278803125023842,0.5439198017120361,0.3661537766456604,-0.04877941310405731,0.5643362402915955,0.31328272819519043,-0.06216224282979965,0.5833186507225037,0.2695618271827698,-0.07084157317876816,0.5455322861671448,0.48533502221107483,-0.02691728062927723,0.5276466012001038,0.42632824182510376,-0.04972721263766289,0.5095256567001343,0.3822152614593506,-0.05761397257447243,0.4997457265853882,0.3420119881629944,-0.0597945973277092,0.5632054805755615,0.5328262448310852,-0.03028186783194542,0.5148490071296692,0.540012776851654,-0.0513390377163887,0.4930384159088135,0.5597667098045349,-0.04891183227300644,0.48614761233329773,0.5724900364875793,-0.042021963745355606,0.566594123840332,0.5880473256111145,-0.03700949251651764,0.523252546787262,0.5992258787155151,-0.05071476474404335,0.5060160756111145,0.612445592880249,-0.048431478440761566,0.5016983151435852,0.6220922470092773,-0.04233095049858093
Kartarimukha,0.5106000304222107,0.6836972832679749,1.0542708395178124e-07,0.4925016164779663,0.6213897466659546,-0.021937722340226173,0.4846433699131012,0.5580093264579773,-0.03851184621453285,0.48654162883758545,0.5425074696540833,-0.055014923214912415,0.5033812522888184,0.5678337216377258,-0.07009661942720413,0.5475477576255798,0.4876067340373993,-0.03519044816493988,0.5918936133384705,0.4292553663253784,-0.05841126665472984,0.6213247179985046,0.3991941213607788,-0.07253826409578323,0.6483563780784607,0.3738020956516266,-0.08291178941726685,0.5742406845092773,0.5260191559791565,-0.03715624660253525,0.5674042105674744,0.5018057823181152,-0.06530828773975372,0.552288830280304,0.4789130389690399,-0.07498100399971008,0.5440223217010498,0.45265430212020874,-0.07797370851039886,0.5856642723083496,0.5764172077178955,-0.04093612730503082,0.5381081700325012,0.5879844427108765,-0.06339249759912491,0.5060567855834961,0.5944176316261292,-0.06072264537215233,0.49115273356437683,0.5954859852790833,-0.05462814122438431,0.5824935436248779,0.6290729641914368,-0.04802069067955017,0.5296570062637329,0.639623761177063,-0.06432017683982849,0.505241334438324,0.6377642154693604,-0.06427466124296188,0.4966491460800171,0.6319843530654907,-0.0603795051574707
Kartarimukha,0.5099673867225647,0.6393694281578064,1.2565855911361723e-07,0.4890991747379303,0.5956835746765137,-0.03580964729189873,0.48116832971572876,0.5456420183181763,-0.06258467584848404,0.4940181076526642,0.5466182827949524,-0.08623649179935455,0.5191247463226318,0.5701409578323364,-0.10841266065835953,0.5411187410354614,0.4600953757762909,-0.05264190211892128,0.5900001525878906,0.4094196856021881,-0.08427409082651138,0.6208999156951904,0.3885416090488434,-0.10519854724407196,0.6512267589569092,0.36807578802108765,-0.11984039098024368,0.5623330473899841,0.5000858902931213,-0.04992813989520073,0.5842850208282471,0.47831252217292786,-0.08837819844484329,0.5638518333435059,0.5041739344596863,-0.101129449903965,0.5488032698631287,0.511281430721283,-0.10391057282686234,0.575591504573822,0.5471662878990173,-0.0498013012111187,0.5900976657867432,0.5473918318748474,-0.08552087098360062,0.5541834235191345,0.5864558219909668,-0.0798346996307373,0.5291662812232971,0.604457676410675,-0.06793840229511261,0.5818427205085754,0.5980030298233032,-0.052945319563150406,0.5876283049583435,0.6049667596817017,-0.08019430935382843,0.5587032437324524,0.625883162021637,-0.07665843516588211,0.5387251973152161,0.6330223083496094,-0.06766411662101746
Kartarimukha,0.5153682231903076,0.6319294571876526,3.90103480185644e-07,0.48941853642463684,0.5947721004486084,-0.03692953661084175,0.4889240264892578,0.5520719885826111,-0.060917071998119354,0.51824951171875,0.5505640506744385,-0.0802297368645668,0.5513471364974976,0.5547580718994141,-0.0967763140797615,0.5323769450187683,0.45424121618270874,-0.05257371813058853,0.5846908092498779,0.38803228735923767,-0.07721121609210968,0.6167604327201843,0.35418063402175903,-0.09008625894784927,0.6454796195030212,0.32265186309814453,-0.09805004298686981,0.5582878589630127,0.48842307925224304,-0.04517083615064621,0.5936921238899231,0.4667794704437256,-0.07404886186122894,0.6064879894256592,0.46996673941612244,-0.08262064307928085,0.6159901022911072,0.46559709310531616,-0.08434303104877472,0.5748572945594788,0.5253908634185791,-0.04004024341702461,0.5819963812828064,0.5448242425918579,-0.0676325187087059,0.5551342964172363,0.578538179397583,-0.06243029609322548,0.5348911881446838,0.5939250588417053,-0.051955290138721466,0.5840014815330505,0.5626787543296814,-0.03823438659310341,0.5847416520118713,0.5748481154441833,-0.05677252262830734,0.564749002456665,0.5963845252990723,-0.05238262936472893,0.5493777394294739,0.6048942804336548,-0.044162336736917496
Kartarimukha,0.4969780147075653,0.6704353094100952,2.7640533062367467e-07,0.4784490764141083,0.6218164563179016,-0.03424159437417984,0.4866745173931122,0.5747840404510498,-0.04957794025540352,0.5207482576370239,0.5661389231681824,-0.06066973879933357,0.5505262017250061,0.5648629665374756,-0.06854129582643509,0.5185405015945435,0.45987269282341003,-0.035680580884218216,0.5549286007881165,0.3685957193374634,-0.053031615912914276,0.5764182209968567,0.31760498881340027,-0.06173134222626686,0.5950998067855835,0.27347245812416077,-0.06675838679075241,0.5458676815032959,0.48727723956108093,-0.027848903089761734,0.575560986995697,0.42768222093582153,-0.046556733548641205,0.6008413434028625,0.3977670669555664,-0.05561080574989319,0.6217062473297119,0.3704186677932739,-0.059670720249414444,0.5630627870559692,0.5247093439102173,-0.023108165711164474,0.5695570111274719,0.5300475358963013,-0.047362878918647766,0.5573096871376038,0.5547299385070801,-0.05314640700817108,0.5448198318481445,0.5665116906166077,-0.05051736533641815,0.5739961862564087,0.5640863180160522,-0.021209469065070152,0.5754899382591248,0.5722692012786865,-0.04019812494516373,0.5629274249076843,0.5847457051277161,-0.043787647038698196,0.549778401851654,0.5901542901992798,-0.04164659231901169
Kartarimukha,0.5061147809028625,0.7234746217727661,3.950817415443453e-07,0.4907132387161255,0.6753484010696411,-0.03818122297525406,0.4995444118976593,0.610882580280304,-0.051285915076732635,0.5367691516876221,0.5714772939682007,-0.0592334158718586,0.5691762566566467,0.5456842184066772,-0.06346606463193893,0.49863800406455994,0.4940193295478821,-0.029739877209067345,0.5193886160850525,0.3912334740161896,-0.04651912674307823,0.534302294254303,0.33056640625,-0.054917361587285995,0.547263503074646,0.27896392345428467,-0.058763109147548676,0.5277802348136902,0.5096054673194885,-0.01924685202538967,0.5538029074668884,0.42508935928344727,-0.03833818808197975,0.5757620930671692,0.3765294551849365,-0.046278852969408035,0.5947883129119873,0.33326882123947144,-0.047584183514118195,0.5486746430397034,0.5415714979171753,-0.012782564386725426,0.5660842061042786,0.5377433896064758,-0.041166480630636215,0.5501553416252136,0.5843158960342407,-0.04387766495347023,0.5363286733627319,0.6094521284103394,-0.03548158332705498,0.5622950196266174,0.5777127146720886,-0.00923250149935484,0.574770987033844,0.572226345539093,-0.030639488250017166,0.5641564130783081,0.5996721982955933,-0.030822189524769783,0.5538314580917358,0.6154174208641052,-0.024035809561610222
Kartarimukha,0.5378860235214233,0.7367888689041138,2.7082799647359934e-07,0.5052768588066101,0.6840807795524597,-0.02782045677304268,0.49576497077941895,0.5981755256652832,-0.03712988644838333,0.5165910124778748,0.5235334634780884,-0.04427536576986313,0.5399237871170044,0.4686698317527771,-0.049332406371831894,0.48681876063346863,0.5229751467704773,-0.01295409258455038,0.48565584421157837,0.4223673939704895,-0.027639329433441162,0.4839032292366028,0.35810959339141846,-0.03567572683095932,0.48605918884277344,0.3041992485523224,-0.04110271483659744,0.5168415904045105,0.51901775598526,-0.009655073285102844,0.5101408958435059,0.4170472323894501,-0.031151484698057175,0.5075902938842773,0.34806692600250244,-0.04353300854563713,0.5073158144950867,0.2921760678291321,-0.04830290749669075,0.5435503721237183,0.5363339185714722,-0.009816259145736694,0.5408898591995239,0.48968273401260376,-0.042624954134225845,0.5323582887649536,0.5627225637435913,-0.04594896361231804,0.529445469379425,0.612852156162262,-0.03790322318673134,0.5695137977600098,0.5639532208442688,-0.011877911165356636,0.5595703125,0.5280420780181885,-0.04173187166452408,0.5512290000915527,0.5818268656730652,-0.04385974258184433,0.5486094951629639,0.6222274303436279,-0.03746562823653221
Kartarimukha,0.5274449586868286,0.7334219813346863,1.9548190266505117e-07,0.4878508746623993,0.6861577033996582,-0.019019678235054016,0.46973443031311035,0.5930865406990051,-0.026975760236382484,0.4887320399284363,0.5111745595932007,-0.035368237644433975,0.5195295214653015,0.4658980667591095,-0.04199841991066933,0.4777710437774658,0.5185871124267578,-0.005625306162983179,0.4797956347465515,0.41099104285240173,-0.020899025723338127,0.48147428035736084,0.34712889790534973,-0.028367524966597557,0.4848814606666565,0.292466938495636,-0.03241569176316261,0.5071916580200195,0.5176323652267456,-0.007003795355558395,0.5007697343826294,0.40765833854675293,-0.0267690010368824,0.4931991696357727,0.33847689628601074,-0.036322712898254395,0.4889162480831146,0.28339576721191406,-0.038307853043079376,0.5349425077438354,0.5344007611274719,-0.01156086940318346,0.5231655836105347,0.4871993958950043,-0.04114435240626335,0.5107303857803345,0.5576554536819458,-0.04234324395656586,0.5076772570610046,0.6112018823623657,-0.03286727890372276,0.5621740818023682,0.5617095232009888,-0.017751045525074005,0.5428826808929443,0.5259655714035034,-0.041729096323251724,0.5294820070266724,0.5806887745857239,-0.041146960109472275,0.5263075828552246,0.6262646317481995,-0.033579420298337936
Kartarimukha,0.49168774485588074,0.7338265180587769,3.297140693803158e-08,0.4517146348953247,0.6672579050064087,-0.01589810475707054,0.43589282035827637,0.5772727727890015,-0.02711748331785202,0.4354134798049927,0.5035459399223328,-0.04155562072992325,0.4574599862098694,0.45581406354904175,-0.053907305002212524,0.4910183846950531,0.48023995757102966,-0.0044977376237511635,0.5017183423042297,0.375799298286438,-0.02533329464495182,0.5131733417510986,0.3187214732170105,-0.037261392921209335,0.5264513492584229,0.2723163068294525,-0.04396147280931473,0.5134986042976379,0.4844922721385956,-0.01056028250604868,0.49305376410484314,0.38351258635520935,-0.03752843663096428,0.4769517183303833,0.3169317841529846,-0.05040097236633301,0.4655483067035675,0.2648664116859436,-0.053757354617118835,0.5298646092414856,0.5030096769332886,-0.020141612738370895,0.4729243516921997,0.4796499013900757,-0.05085596442222595,0.4592202305793762,0.5477268695831299,-0.052087608724832535,0.46059706807136536,0.6010472178459167,-0.043377138674259186,0.53752201795578,0.5316649675369263,-0.03203462064266205,0.4837113916873932,0.5194514393806458,-0.05200221389532089,0.4719342589378357,0.5702903866767883,-0.05050888657569885,0.4745202660560608,0.6115164756774902,-0.04328377544879913
Kartarimukha,0.46517133712768555,0.6890606880187988,5.085023246920173e-08,0.4595564901828766,0.5999923944473267,0.003169161034747958,0.45494288206100464,0.519080638885498,-0.005244085099548101,0.42947712540626526,0.45483046770095825,-0.016747673973441124,0.4056205153465271,0.4096336364746094,-0.03043229877948761,0.5067572593688965,0.4715138077735901,-0.01644524186849594,0.5099654197692871,0.3486335873603821,-0.02907978743314743,0.5155608654022217,0.2795875668525696,-0.03713842108845711,0.5239323973655701,0.22208386659622192,-0.0433465801179409,0.4999178946018219,0.4761451780796051,-0.02665558271110058,0.46580755710601807,0.35397565364837646,-0.03808242827653885,0.44757938385009766,0.28884851932525635,-0.04316286742687225,0.43811851739883423,0.23600736260414124,-0.047143448144197464,0.48237165808677673,0.49061858654022217,-0.0355212576687336,0.41994184255599976,0.44324612617492676,-0.0413188636302948,0.4131755828857422,0.4868660569190979,-0.04024892300367355,0.4220626950263977,0.5191099047660828,-0.04018130525946617,0.45802804827690125,0.5053440928459167,-0.04487741366028786,0.40840911865234375,0.4815766215324402,-0.0494811087846756,0.40322768688201904,0.5147419571876526,-0.04719854146242142,0.4129578471183777,0.5397577285766602,-0.04507797211408615
Kartarimukha,0.4654640853404999,0.694905698299408,-1.7430893706205097e-07,0.423326313495636,0.6031749248504639,0.001820080098696053,0.4136919677257538,0.5327136516571045,-0.005027076229453087,0.4093317687511444,0.4695889353752136,-0.017796022817492485,0.4162288010120392,0.4058932662010193,-0.03151116520166397,0.48892641067504883,0.4568966329097748,0.0078037637285888195,0.4831608235836029,0.35241690278053284,-0.003068762831389904,0.48564308881759644,0.2959374189376831,-0.011225919239223003,0.4911586344242096,0.24364228546619415,-0.01742650382220745,0.5025267004966736,0.4624899625778198,-0.004246904049068689,0.46005672216415405,0.3597281575202942,-0.01849941350519657,0.4312146008014679,0.2942928075790405,-0.027669889852404594,0.41323840618133545,0.23369228839874268,-0.03226712346076965,0.5017902851104736,0.47468411922454834,-0.017632760107517242,0.43227243423461914,0.4374072551727295,-0.029363742098212242,0.4215623140335083,0.49821868538856506,-0.0314798429608345,0.43172669410705566,0.5391979813575745,-0.03111937828361988,0.49238696694374084,0.4858475923538208,-0.03201771900057793,0.43033695220947266,0.4761224091053009,-0.03945442661643028,0.422162264585495,0.5249567627906799,-0.039714276790618896,0.432101309299469,0.5598288774490356,-0.038216233253479004
Kartarimukha,0.48573973774909973,0.6548260450363159,1.7003698360440467e-07,0.44652530550956726,0.6202747821807861,-0.013074804097414017,0.4203164279460907,0.5365362167358398,-0.020026782527565956,0.4259067475795746,0.454527884721756,-0.028971552848815918,0.44924449920654297,0.4056421220302582,-0.03644360229372978,0.432382196187973,0.4642156660556793,-0.001667710137553513,0.4238565266132355,0.36654606461524963,-0.017541134729981422,0.4200749099254608,0.3049238920211792,-0.02607114426791668,0.4177180528640747,0.25376176834106445,-0.030694756656885147,0.45795533061027527,0.45779484510421753,-0.006219918839633465,0.4434972405433655,0.358973890542984,-0.029884502291679382,0.428899884223938,0.29649123549461365,-0.04233800247311592,0.4168882369995117,0.24780309200286865,-0.045190099626779556,0.4849339425563812,0.46573781967163086,-0.013035320676863194,0.46164754033088684,0.4286426901817322,-0.04327857866883278,0.45324668288230896,0.496264785528183,-0.043770451098680496,0.4521665573120117,0.548615038394928,-0.0330858938395977,0.5118529200553894,0.4836373031139374,-0.020993761718273163,0.48416754603385925,0.4547705352306366,-0.04276522248983383,0.4747805893421173,0.5091065764427185,-0.03985607624053955,0.4743562638759613,0.5553776025772095,-0.030440406873822212
Kartarimukha,0.5190377235412598,0.689227283000946,2.3681833738464775e-07,0.4821722209453583,0.6410133838653564,-0.019217204302549362,0.4612356424331665,0.5596963763237,-0.02169671282172203,0.46913576126098633,0.4821023643016815,-0.023679953068494797,0.48473677039146423,0.4303247332572937,-0.02443087100982666,0.44475823640823364,0.5302645564079285,0.014261946082115173,0.4292401671409607,0.46865183115005493,0.010280907154083252,0.41828128695487976,0.4266743063926697,0.0059232222847640514,0.41162142157554626,0.38946279883384705,0.0018505592597648501,0.4710051417350769,0.5171428918838501,0.018521185964345932,0.4668651819229126,0.459057480096817,0.005048819351941347,0.4744425415992737,0.4585336148738861,-0.003556182375177741,0.47673940658569336,0.46188002824783325,-0.004425257444381714,0.496870219707489,0.5132461190223694,0.018691545352339745,0.49392440915107727,0.4637702703475952,-0.005996321327984333,0.4985537827014923,0.5241193771362305,-0.012391908094286919,0.5000221133232117,0.5748785138130188,-0.007427268661558628,0.5226864218711853,0.5106902718544006,0.017748648300766945,0.5133480429649353,0.47310778498649597,-0.006154181435704231,0.5142451524734497,0.5188940763473511,-0.011398334056138992,0.5163074731826782,0.5601531267166138,-0.00827246718108654
Kartarimukha,0.5146052837371826,0.696982204914093,-1.4406914772280288e-07,0.48764973878860474,0.6063892245292664,-0.006932341493666172,0.47729241847991943,0.5434525012969971,-0.017575467005372047,0.4647428095340729,0.5014415979385376,-0.030081672593951225,0.45646393299102783,0.4723924994468689,-0.044138308614492416,0.5340218544006348,0.4751724898815155,-0.0228396188467741,0.5340476632118225,0.3853602409362793,-0.04081881418824196,0.5403229594230652,0.3337150514125824,-0.05370045453310013,0.5468738079071045,0.285811185836792,-0.06363266706466675,0.5428507328033447,0.4998455345630646,-0.03091725893318653,0.49929845333099365,0.4177561402320862,-0.05060427635908127,0.4719817638397217,0.37535619735717773,-0.05916374549269676,0.45384031534194946,0.3330113887786865,-0.06414588540792465,0.5380720496177673,0.5379042625427246,-0.039201680570840836,0.4688109755516052,0.5053513646125793,-0.05416111275553703,0.4626918435096741,0.5384479761123657,-0.05226152390241623,0.4713175296783447,0.559333324432373,-0.04947298392653465,0.5221372246742249,0.5778926610946655,-0.04889458417892456,0.46611589193344116,0.5484711527824402,-0.058955300599336624,0.4600418210029602,0.5643991231918335,-0.055588722229003906,0.4686014950275421,0.5768164396286011,-0.0514354333281517
Kartarimukha,0.49020668864250183,0.6739405989646912,2.5199692998967294e-08,0.46725624799728394,0.6086709499359131,-0.015262837521731853,0.4594273269176483,0.5426653027534485,-0.026157435029745102,0.46455851197242737,0.5069116950035095,-0.038210656493902206,0.48453667759895325,0.5119143724441528,-0.04899272322654724,0.5165794491767883,0.45952343940734863,-0.01793205365538597,0.5336185693740845,0.37512287497520447,-0.037590142339468,0.5487246513366699,0.3260129690170288,-0.050312723964452744,0.562361478805542,0.28621917963027954,-0.05882347747683525,0.5409867167472839,0.48390308022499084,-0.021634986624121666,0.522662341594696,0.44998466968536377,-0.04554053395986557,0.5079520344734192,0.41583892703056335,-0.05528707057237625,0.4980422854423523,0.3803684413433075,-0.05774492397904396,0.5528293251991272,0.5252235531806946,-0.027312228456139565,0.49608221650123596,0.5318591594696045,-0.04740039259195328,0.4755576252937317,0.5642440915107727,-0.04546673595905304,0.4711218476295471,0.5872066020965576,-0.0388149730861187,0.5514903664588928,0.5717077255249023,-0.03568010404706001,0.49804311990737915,0.5780654549598694,-0.04853818565607071,0.4827593266963959,0.6016930937767029,-0.04568099230527878,0.4831799864768982,0.6194474697113037,-0.039219729602336884
Kartarimukha,0.49298498034477234,0.6663947701454163,1.6505539690570004e-07,0.4695388078689575,0.6197150349617004,-0.022961551323533058,0.46709880232810974,0.5576742887496948,-0.03602012246847153,0.4926568269729614,0.5384864807128906,-0.048036977648735046,0.5215222239494324,0.5276004672050476,-0.05788802355527878,0.5068830847740173,0.46814364194869995,-0.026876868680119514,0.5318869948387146,0.3799932599067688,-0.04833601042628288,0.5515983700752258,0.3289535641670227,-0.06250045448541641,0.5702419281005859,0.28527629375457764,-0.07219196110963821,0.5330777764320374,0.49074241518974304,-0.026299774646759033,0.5425161123275757,0.4425751268863678,-0.05144329369068146,0.5495210289955139,0.41542965173721313,-0.06264802813529968,0.5582730770111084,0.3898191452026367,-0.06715961545705795,0.5517067909240723,0.5237476825714111,-0.028075702488422394,0.5464833974838257,0.525294840335846,-0.054159387946128845,0.518922746181488,0.5635072588920593,-0.05260754004120827,0.5006747841835022,0.5898227691650391,-0.04504832997918129,0.5641543865203857,0.5660182237625122,-0.03265628591179848,0.54679936170578,0.5782815217971802,-0.05446813628077507,0.5229401588439941,0.6038069725036621,-0.05539507418870926,0.5091843008995056,0.6221222877502441,-0.05043554678559303
Kartarimukha,0.5093266367912292,0.7010296583175659,3.5857695479535323e-07,0.49895966053009033,0.6457706093788147,-0.038202546536922455,0.5059881210327148,0.5786540508270264,-0.04944499582052231,0.5397653579711914,0.5323857665061951,-0.05549236387014389,0.5683213472366333,0.4962422847747803,-0.0578848198056221,0.4991247355937958,0.4626063108444214,-0.020406177267432213,0.5126180648803711,0.3599366545677185,-0.03428677096962929,0.5216773748397827,0.299991250038147,-0.04300950467586517,0.5285342931747437,0.24852702021598816,-0.04738578572869301,0.5280681848526001,0.4783353805541992,-0.008170337416231632,0.5528823137283325,0.3950902819633484,-0.021725935861468315,0.5734491348266602,0.3509252071380615,-0.028162861242890358,0.5904550552368164,0.3113195300102234,-0.0291844941675663,0.5481942892074585,0.5110787749290466,-0.0009021772420965135,0.5671865344047546,0.4889533519744873,-0.025380359962582588,0.5532466769218445,0.5345920324325562,-0.028897827491164207,0.5410583019256592,0.5606790781021118,-0.02199292927980423,0.5609869360923767,0.5482122898101807,0.0034031125251203775,0.5744907855987549,0.527432382106781,-0.016379090026021004,0.5658599138259888,0.5547970533370972,-0.017114680260419846,0.5579389929771423,0.5724573731422424,-0.011113031767308712
Kartarimukha,0.5469311475753784,0.6488989591598511,3.177692065037263e-07,0.5374932289123535,0.6213603019714355,-0.03595586121082306,0.5418151617050171,0.560695469379425,-0.047001343220472336,0.561676561832428,0.49956628680229187,-0.05192507803440094,0.5768296718597412,0.45387041568756104,-0.05302172154188156,0.5013519525527954,0.4776189923286438,-0.033825092017650604,0.49376875162124634,0.3767194151878357,-0.05076931416988373,0.48997607827186584,0.3146775960922241,-0.059949785470962524,0.48625120520591736,0.26299041509628296,-0.06430578231811523,0.5263222455978394,0.46836963295936584,-0.021076645702123642,0.5367836952209473,0.3743281066417694,-0.03792330250144005,0.5522260665893555,0.31886813044548035,-0.04517793282866478,0.563662588596344,0.2712509334087372,-0.047127287834882736,0.5497655868530273,0.47389015555381775,-0.01142515055835247,0.5698198676109314,0.44066670536994934,-0.03353722020983696,0.5689583420753479,0.4833621084690094,-0.03440917283296585,0.561410665512085,0.5127630829811096,-0.026947738602757454,0.5684958100318909,0.4845772981643677,-0.004519395064562559,0.5833161473274231,0.45172443985939026,-0.020087283104658127,0.5811709761619568,0.4810030460357666,-0.01794215850532055,0.5730458498001099,0.5036847591400146,-0.010901655070483685
Kartarimukha,0.5718710422515869,0.6612051725387573,3.9911193994157657e-07,0.5579420328140259,0.6111876368522644,-0.03131360560655594,0.5490179657936096,0.5392760038375854,-0.03678234666585922,0.560004711151123,0.46807661652565,-0.037768974900245667,0.5701377391815186,0.414307564496994,-0.03518183156847954,0.502770185470581,0.47758617997169495,-0.011426582001149654,0.4843618869781494,0.3828850984573364,-0.02396957017481327,0.4727781414985657,0.32454532384872437,-0.03175787627696991,0.46305233240127563,0.2756957709789276,-0.035184212028980255,0.5280364751815796,0.46682554483413696,-0.0012518283911049366,0.5261122584342957,0.37224090099334717,-0.01615561917424202,0.5318688154220581,0.3115265369415283,-0.024870365858078003,0.5357193946838379,0.25613993406295776,-0.026906143873929977,0.5525793433189392,0.4743335545063019,0.0046124448999762535,0.5685655474662781,0.4329042434692383,-0.021650532260537148,0.5719422698020935,0.4845244884490967,-0.02658199705183506,0.5693067312240601,0.5177236199378967,-0.019747259095311165,0.5723369717597961,0.48932385444641113,0.008418647572398186,0.584138035774231,0.4572054147720337,-0.011403976939618587,0.5846541523933411,0.4931563436985016,-0.011585596948862076,0.5814645290374756,0.5200573801994324,-0.004957183264195919
Kartarimukha,0.4486621916294098,0.7007690668106079,-1.7615826664041379e-07,0.4149531126022339,0.6202599406242371,-0.01273335050791502,0.398731529712677,0.5563846826553345,-0.023235974833369255,0.39152398705482483,0.5035384297370911,-0.03540503978729248,0.3978256583213806,0.4533401131629944,-0.04771098122000694,0.45773035287857056,0.4535132050514221,-0.01637793704867363,0.46313750743865967,0.3626455068588257,-0.03123932145535946,0.4749393165111542,0.31704655289649963,-0.041411593556404114,0.4870792031288147,0.27361786365509033,-0.048547256737947464,0.47498947381973267,0.4655221402645111,-0.02051919884979725,0.42734605073928833,0.3862461745738983,-0.03790568932890892,0.39949923753738403,0.3379896283149719,-0.04702132195234299,0.3800410032272339,0.2882039546966553,-0.05146528035402298,0.47914981842041016,0.49617016315460205,-0.025938760489225388,0.4098956286907196,0.48483893275260925,-0.04319017007946968,0.40633735060691833,0.5362008213996887,-0.04679316654801369,0.4163946211338043,0.5666651129722595,-0.04607724770903587,0.47184017300605774,0.5299133062362671,-0.03285887837409973,0.4154300093650818,0.5225927829742432,-0.04508044943213463,0.40905311703681946,0.5504577159881592,-0.04513629525899887,0.41555821895599365,0.566785454750061,-0.04221372678875923
Kartarimukha,0.46530333161354065,0.6890005469322205,7.96472718889163e-08,0.43156686425209045,0.6457412838935852,-0.01809702441096306,0.41436588764190674,0.5695616602897644,-0.029797041788697243,0.42138758301734924,0.5039997696876526,-0.04285817593336105,0.44348275661468506,0.46119198203086853,-0.053938739001750946,0.44105201959609985,0.47087106108665466,-0.013791725039482117,0.4494793117046356,0.36896395683288574,-0.03435143455862999,0.4600962996482849,0.313116192817688,-0.04589074105024338,0.4721258580684662,0.2663690149784088,-0.052838340401649475,0.46735453605651855,0.4694977402687073,-0.016730541363358498,0.44547685980796814,0.39319828152656555,-0.04613780602812767,0.42854219675064087,0.34128499031066895,-0.05901437625288963,0.4181317090988159,0.29940199851989746,-0.062017109245061874,0.4899366796016693,0.48394396901130676,-0.022254472598433495,0.45382988452911377,0.4821789562702179,-0.052518341690301895,0.44118449091911316,0.5468574166297913,-0.05136843025684357,0.43979766964912415,0.5930960774421692,-0.04163050651550293,0.5093131065368652,0.5120090246200562,-0.030122317373752594,0.4694537818431854,0.5205087661743164,-0.05206557735800743,0.4575595259666443,0.5723586678504944,-0.05085287615656853,0.4574393033981323,0.6086704134941101,-0.043249379843473434
Kartarimukha,0.4963706135749817,0.6764444708824158,2.9147233249204874e-07,0.461853563785553,0.6434164047241211,-0.02338859811425209,0.446869820356369,0.5677616000175476,-0.027171174064278603,0.4604606330394745,0.4985595643520355,-0.028392715379595757,0.47607991099357605,0.4456622004508972,-0.028342312201857567,0.4275335967540741,0.5309154987335205,-0.00021558362641371787,0.4149059057235718,0.47507959604263306,-0.007056951057165861,0.4101119339466095,0.43749794363975525,-0.011298432014882565,0.40961992740631104,0.403396874666214,-0.01397346518933773,0.4540831744670868,0.513264536857605,0.004925052169710398,0.4416489005088806,0.4489510655403137,-0.006582027766853571,0.44020065665245056,0.4035431146621704,-0.013466959819197655,0.4408789873123169,0.36541348695755005,-0.015478630550205708,0.4807894229888916,0.5140070915222168,0.0058942981995642185,0.4810660183429718,0.47353067994117737,-0.02303488552570343,0.48204854130744934,0.5341586470603943,-0.03166423738002777,0.4830407500267029,0.5773264169692993,-0.027927272021770477,0.5065690279006958,0.5209471583366394,0.006036211270838976,0.5012698769569397,0.48733729124069214,-0.023346683010458946,0.4979432225227356,0.5409066081047058,-0.03044293448328972,0.4967174828052521,0.5805296897888184,-0.02837638184428215
Kartarimukha,0.5148892402648926,0.6263598799705505,3.812515387835447e-07,0.5015972256660461,0.6099861860275269,-0.03563250973820686,0.5041350722312927,0.5577850341796875,-0.04887156933546066,0.5263054370880127,0.499813050031662,-0.05664623901247978,0.5435476899147034,0.4534579813480377,-0.061232034116983414,0.46745365858078003,0.4758968949317932,-0.03539629653096199,0.46125340461730957,0.38004541397094727,-0.05393153056502342,0.4582243263721466,0.3197614252567291,-0.06440097093582153,0.4550732970237732,0.2690724730491638,-0.07028088718652725,0.49242696166038513,0.4699108302593231,-0.025327594950795174,0.5028669834136963,0.39148879051208496,-0.045771948993206024,0.5153809189796448,0.3424127697944641,-0.05473330616950989,0.5248163342475891,0.29906392097473145,-0.05769519507884979,0.5151728987693787,0.47933629155158997,-0.018147127702832222,0.5350889563560486,0.4489479660987854,-0.04414685443043709,0.5317307114601135,0.4992976486682892,-0.042807579040527344,0.5247888565063477,0.5327269434928894,-0.03375599533319473,0.5334843993186951,0.49595850706100464,-0.013710057362914085,0.5480830669403076,0.47263196110725403,-0.03431606665253639,0.5443798303604126,0.5114388465881348,-0.031547971069812775,0.5377357602119446,0.540092945098877,-0.02333226054906845
Alapadma,0.5017780661582947,0.6873180270195007,3.968710586832458e-07,0.5428059697151184,0.6065801382064819,-0.014221523888409138,0.5886836647987366,0.5245389342308044,-0.03178705647587776,0.6267877817153931,0.4702480137348175,-0.044752802699804306,0.661945104598999,0.4418524503707886,-0.05995821952819824,0.6067136526107788,0.5646793246269226,-0.08104726672172546,0.6593486070632935,0.5038954615592957,-0.11351549625396729,0.6953387260437012,0.4832717180252075,-0.13279449939727783,0.7337464690208435,0.4714707136154175,-0.1469378024339676,0.5852035880088806,0.5897515416145325,-0.08650001138448715,0.6023919582366943,0.4964064657688141,-0.12644551694393158,0.6187073588371277,0.42988696694374084,-0.14683668315410614,0.6344578862190247,0.37648627161979675,-0.1624116599559784,0.5513836145401001,0.5976005792617798,-0.0879511833190918,0.5417881608009338,0.44972655177116394,-0.1283089965581894,0.5295520424842834,0.3543829917907715,-0.14257237315177917,0.519646406173706,0.28579381108283997,-0.15006031095981598,0.5130786895751953,0.591386079788208,-0.08753614127635956,0.49238741397857666,0.46968895196914673,-0.12162943929433823,0.4777998626232147,0.39967846870422363,-0.13309171795845032,0.4678846597671509,0.34336769580841064,-0.1391146332025528
Alapadma,0.5104206800460815,0.6608859300613403,5.161685976418084e-07,0.5453134179115295,0.5944176316261292,-0.006309971679002047,0.5838574767112732,0.5339847207069397,-0.022565437480807304,0.6066279411315918,0.494587242603302,-0.037371471524238586,0.6218229532241821,0.4578092098236084,-0.05517306923866272,0.6139742732048035,0.5587557554244995,-0.07456745952367783,0.6661669015884399,0.5009136199951172,-0.10974607616662979,0.7024530172348022,0.4732816517353058,-0.1309320479631424,0.7389888763427734,0.4561655521392822,-0.147029310464859,0.6014497876167297,0.577872097492218,-0.09056057035923004,0.6324854493141174,0.4900106191635132,-0.1378738284111023,0.6574074625968933,0.43016427755355835,-0.16477614641189575,0.6811729073524475,0.38056129217147827,-0.1827094703912735,0.572054386138916,0.5940889120101929,-0.10206642746925354,0.569566011428833,0.47294220328330994,-0.1504667103290558,0.5565222501754761,0.39437174797058105,-0.17088095843791962,0.5444550514221191,0.33123916387557983,-0.18046808242797852,0.533564567565918,0.6039838194847107,-0.111231230199337,0.5082793831825256,0.5091235041618347,-0.15362779796123505,0.4883231520652771,0.4448927640914917,-0.16828948259353638,0.47274714708328247,0.3900389075279236,-0.1752459555864334
Alapadma,0.5090958476066589,0.6728668212890625,5.50365427898214e-07,0.540346622467041,0.5480928421020508,-0.0025384968612343073,0.583518922328949,0.48922550678253174,-0.020781420171260834,0.6168513298034668,0.4583989679813385,-0.04028735309839249,0.6544486880302429,0.4235810339450836,-0.06221065670251846,0.6403454542160034,0.5324937105178833,-0.06659071892499924,0.702195405960083,0.4898928999900818,-0.10380223393440247,0.7427568435668945,0.46090856194496155,-0.12468219548463821,0.7798333168029785,0.4439616799354553,-0.13951987028121948,0.6354858875274658,0.572955846786499,-0.08873192965984344,0.692371129989624,0.5159693360328674,-0.1436803787946701,0.7365943789482117,0.48149269819259644,-0.17659664154052734,0.7762129306793213,0.4515848457813263,-0.19668732583522797,0.6153175234794617,0.6102480888366699,-0.10654807090759277,0.622970700263977,0.5012407302856445,-0.16280022263526917,0.6234433054924011,0.4118543565273285,-0.1882677972316742,0.6222212910652161,0.338132381439209,-0.20010654628276825,0.5820193886756897,0.6302808523178101,-0.12175709754228592,0.5558674335479736,0.5283817052841187,-0.16446901857852936,0.5274797677993774,0.4578651189804077,-0.1771717071533203,0.5022590756416321,0.4000527560710907,-0.18312114477157593
Alapadma,0.5143015384674072,0.6709501147270203,5.29102237578627e-07,0.5383304357528687,0.5519155859947205,0.017552774399518967,0.5720168352127075,0.49921613931655884,0.005503413733094931,0.5970173478126526,0.468765527009964,-0.015405465848743916,0.6320610642433167,0.4310021698474884,-0.0401790551841259,0.6389870047569275,0.5206815600395203,-0.023418541997671127,0.7010526657104492,0.4796496629714966,-0.04941787198185921,0.7437965869903564,0.4522280991077423,-0.06370073556900024,0.7775639295578003,0.4390172064304352,-0.07524266093969345,0.6366814374923706,0.5615808367729187,-0.06064748764038086,0.7054250240325928,0.509600043296814,-0.10115745663642883,0.7514941096305847,0.4799557030200958,-0.12772530317306519,0.792576014995575,0.45142194628715515,-0.14342688024044037,0.6203121542930603,0.6005684733390808,-0.09549721330404282,0.6416183710098267,0.5032261610031128,-0.1469637155532837,0.6443662643432617,0.4232403039932251,-0.17556282877922058,0.6454721093177795,0.35517674684524536,-0.19008800387382507,0.5924064517021179,0.6267225742340088,-0.12648223340511322,0.5674576759338379,0.5331772565841675,-0.16918130218982697,0.5396520495414734,0.4656054675579071,-0.18477533757686615,0.5139796137809753,0.4143246114253998,-0.19340595602989197
Alapadma,0.5400080680847168,0.6739374399185181,3.1172024250736285e-07,0.5793203115463257,0.5523132085800171,-0.01995421014726162,0.6230576634407043,0.45491570234298706,-0.035572610795497894,0.6656347513198853,0.39916297793388367,-0.046322278678417206,0.7040347456932068,0.37769317626953125,-0.057019706815481186,0.6270092129707336,0.5533285140991211,-0.06335348635911942,0.6719092130661011,0.5088602900505066,-0.09262736141681671,0.7088860273361206,0.5088703632354736,-0.11146248877048492,0.7484388947486877,0.5091612935066223,-0.12444739043712616,0.6040934324264526,0.5918761491775513,-0.06553690135478973,0.6115365624427795,0.5267509818077087,-0.09802962094545364,0.616185188293457,0.4740827679634094,-0.11676504462957382,0.6196982264518738,0.4314171373844147,-0.13247133791446686,0.5688102841377258,0.6099398136138916,-0.06666868180036545,0.5422099232673645,0.5002617835998535,-0.09956865012645721,0.518925130367279,0.40544119477272034,-0.11520954221487045,0.4991301894187927,0.32569408416748047,-0.12504710257053375,0.5294710397720337,0.6126061677932739,-0.067411407828331,0.502245306968689,0.5071682929992676,-0.09112704545259476,0.482643187046051,0.43895530700683594,-0.09961343556642532,0.465607225894928,0.37715816497802734,-0.10575425624847412
Alapadma,0.49565577507019043,0.7140094041824341,-2.321723480136484e-09,0.5289961695671082,0.599869966506958,-0.024280207231640816,0.5653651356697083,0.5021408796310425,-0.04617704078555107,0.602992057800293,0.4453682601451874,-0.062380265444517136,0.6377140879631042,0.42288804054260254,-0.0793159231543541,0.5538547039031982,0.590937614440918,-0.08035609871149063,0.56747967004776,0.5535274147987366,-0.11697275936603546,0.5841944813728333,0.5598950982093811,-0.13885705173015594,0.5998607277870178,0.5619461536407471,-0.15284249186515808,0.5269473195075989,0.63189297914505,-0.08283238112926483,0.4899027645587921,0.5463196039199829,-0.12359657883644104,0.4666580557823181,0.49890950322151184,-0.14488555490970612,0.4481452405452728,0.4613338112831116,-0.1610165685415268,0.4929367005825043,0.651227593421936,-0.0838129073381424,0.4513828754425049,0.5407570004463196,-0.12105847150087357,0.41746121644973755,0.44311925768852234,-0.1380980759859085,0.3870558738708496,0.35748741030693054,-0.14894792437553406,0.46170657873153687,0.6541835069656372,-0.08437200635671616,0.4400332272052765,0.555633008480072,-0.11038120090961456,0.4222518801689148,0.47774219512939453,-0.12044848501682281,0.4029398560523987,0.402447909116745,-0.12822334468364716
Alapadma,0.4811043441295624,0.6912225484848022,6.013909228386183e-07,0.5064260959625244,0.5521005988121033,-0.024510229006409645,0.5508071780204773,0.4677389860153198,-0.043984849005937576,0.5896012187004089,0.4238564968109131,-0.059518713504076004,0.6252989172935486,0.3839910626411438,-0.07638803124427795,0.5964211225509644,0.5376525521278381,-0.07073032110929489,0.6517235636711121,0.5108320116996765,-0.10627675801515579,0.691719651222229,0.5183114409446716,-0.13267600536346436,0.7348625063896179,0.5323437452316284,-0.15189917385578156,0.5865397453308105,0.5966272950172424,-0.07548532634973526,0.5974201560020447,0.5478887557983398,-0.11650153994560242,0.6179303526878357,0.5061074495315552,-0.14201344549655914,0.6365569233894348,0.47384554147720337,-0.1607929915189743,0.5576602220535278,0.6367080211639404,-0.07909590005874634,0.5313085913658142,0.5108556747436523,-0.11955410987138748,0.5069049596786499,0.4215872287750244,-0.13415151834487915,0.48456573486328125,0.3567262291908264,-0.1421826183795929,0.514514684677124,0.6508476734161377,-0.08340287953615189,0.4735117554664612,0.5428445339202881,-0.11848513782024384,0.4449799656867981,0.47440582513809204,-0.12873023748397827,0.42273980379104614,0.42468154430389404,-0.13342905044555664
Alapadma,0.47473305463790894,0.6632692813873291,5.12093549787096e-07,0.47565969824790955,0.5600829124450684,-0.01585640385746956,0.5185372233390808,0.4703206717967987,-0.02357477881014347,0.5564731955528259,0.41899195313453674,-0.03161471337080002,0.5890730023384094,0.363592267036438,-0.04000420868396759,0.5948233008384705,0.48139461874961853,-0.024671031162142754,0.6564701795578003,0.4419473707675934,-0.045310765504837036,0.699377179145813,0.4161590337753296,-0.05835752934217453,0.7355510592460632,0.3961053788661957,-0.06723739951848984,0.603658139705658,0.5347780585289001,-0.034547071903944016,0.6700034737586975,0.4761817157268524,-0.05880219116806984,0.7179365158081055,0.4369658827781677,-0.07577937841415405,0.754632830619812,0.40042349696159363,-0.08448631316423416,0.595823347568512,0.5922994613647461,-0.045986585319042206,0.6143733859062195,0.5124121308326721,-0.07962044328451157,0.6065850853919983,0.4360259175300598,-0.09619121253490448,0.5967218279838562,0.3723564147949219,-0.10136456042528152,0.5720406174659729,0.6411183476448059,-0.057826220989227295,0.5590636730194092,0.5667662024497986,-0.08982960879802704,0.5297502279281616,0.5135363936424255,-0.09825065732002258,0.5024250745773315,0.4718700051307678,-0.09895925223827362
Alapadma,0.4994584321975708,0.7063837051391602,3.1672945510763384e-07,0.4755047559738159,0.6058672070503235,-0.013391260989010334,0.4819067120552063,0.4895424246788025,-0.017679953947663307,0.49195802211761475,0.41586393117904663,-0.022691667079925537,0.5034892559051514,0.3599298894405365,-0.027806995436549187,0.5570930242538452,0.4404661953449249,-0.005801779218018055,0.6050401329994202,0.38061338663101196,-0.01927991583943367,0.6360565423965454,0.3483837842941284,-0.03126892074942589,0.661980926990509,0.32024699449539185,-0.04062915965914726,0.579879641532898,0.47661131620407104,-0.012547163292765617,0.6347622275352478,0.3961845636367798,-0.02253299579024315,0.672405481338501,0.35053980350494385,-0.0330563448369503,0.7036958336830139,0.3112927973270416,-0.04069036990404129,0.590569794178009,0.5278652906417847,-0.022676736116409302,0.6261091828346252,0.45061278343200684,-0.03785904496908188,0.6431547999382019,0.39822331070899963,-0.0523107647895813,0.6576136350631714,0.3487342894077301,-0.062454890459775925,0.5936365723609924,0.5927444100379944,-0.03428961709141731,0.5964140892028809,0.5472509860992432,-0.052724093198776245,0.5848318934440613,0.5091431140899658,-0.06299778074026108,0.5750078558921814,0.4726068377494812,-0.06953418999910355
Alapadma,0.536710798740387,0.6909419298171997,2.92683694169682e-07,0.4967392683029175,0.6131601333618164,-0.018730558454990387,0.4739934206008911,0.5064217448234558,-0.026564737781882286,0.46101099252700806,0.42740315198898315,-0.033242326229810715,0.4551449120044708,0.36697474122047424,-0.03956793248653412,0.5250044465065002,0.4244364798069,-0.0066035231575369835,0.5448808073997498,0.34617576003074646,-0.01766948774456978,0.5589266419410706,0.30840426683425903,-0.02887752465903759,0.570706844329834,0.2778334617614746,-0.03801673278212547,0.5567848682403564,0.4410035312175751,-0.009929628111422062,0.5887953639030457,0.34918153285980225,-0.01717083528637886,0.6141806244850159,0.2947484850883484,-0.026485741138458252,0.6370383501052856,0.2507874369621277,-0.033892564475536346,0.5791407823562622,0.4798470735549927,-0.017205245792865753,0.6110191345214844,0.39334991574287415,-0.030260099098086357,0.6339074969291687,0.3423056900501251,-0.043558310717344284,0.6552464962005615,0.29550862312316895,-0.053683359175920486,0.5954238176345825,0.5371882915496826,-0.025999901816248894,0.603667140007019,0.5033169388771057,-0.042857225984334946,0.6078529357910156,0.4814223349094391,-0.05112150311470032,0.6139935851097107,0.45856648683547974,-0.05651029571890831
Alapadma,0.542960524559021,0.5977489352226257,4.848801609114162e-07,0.5604744553565979,0.4624461829662323,-0.018044332042336464,0.6092546582221985,0.3780907988548279,-0.02795768715441227,0.6496318578720093,0.3287566602230072,-0.0367460697889328,0.6826833486557007,0.2893044948577881,-0.04524137079715729,0.6402934789657593,0.4476392865180969,-0.04103446006774902,0.6996487379074097,0.4376656711101532,-0.06415868550539017,0.7354318499565125,0.452509343624115,-0.08021017909049988,0.771494448184967,0.4709651470184326,-0.09201768785715103,0.6355622410774231,0.506662130355835,-0.045739661902189255,0.6455223560333252,0.5051676034927368,-0.07617927342653275,0.6630913019180298,0.48887383937835693,-0.09510106593370438,0.6783194541931152,0.4734620451927185,-0.10881604999303818,0.6122852563858032,0.5545904636383057,-0.050651345402002335,0.5638068914413452,0.4808449149131775,-0.08312507718801498,0.5275370478630066,0.4140043258666992,-0.09377257525920868,0.5013291835784912,0.3619413375854492,-0.09810784459114075,0.5773842334747314,0.5761886239051819,-0.0565757155418396,0.5345191955566406,0.49765825271606445,-0.08086550235748291,0.4991787075996399,0.43739160895347595,-0.08621640503406525,0.47503894567489624,0.3902881145477295,-0.08810574561357498
Alapadma,0.5226229429244995,0.3911735415458679,6.824877232247673e-07,0.5283156037330627,0.3177787959575653,-0.0570453442633152,0.5493733286857605,0.2673444151878357,-0.09847159683704376,0.5727227330207825,0.23258769512176514,-0.13051863014698029,0.6000381112098694,0.18570271134376526,-0.16237251460552216,0.5947765707969666,0.339528352022171,-0.1187916100025177,0.6441153287887573,0.3743038773536682,-0.166701078414917,0.6778348088264465,0.4007469713687897,-0.19881181418895721,0.7083155512809753,0.4335037171840668,-0.22150000929832458,0.5871286392211914,0.405471533536911,-0.10833820700645447,0.5895518064498901,0.44091367721557617,-0.1697334498167038,0.5899882316589355,0.4725465178489685,-0.19815890491008759,0.592537522315979,0.5027356147766113,-0.21381576359272003,0.5661582350730896,0.4562094807624817,-0.09647662937641144,0.5250381827354431,0.45746907591819763,-0.14332489669322968,0.48547661304473877,0.43407106399536133,-0.13944077491760254,0.45756590366363525,0.41360071301460266,-0.1308973878622055,0.5460330843925476,0.4880405366420746,-0.08918676525354385,0.5169486999511719,0.4761638939380646,-0.12541942298412323,0.48545771837234497,0.44711625576019287,-0.12249287962913513,0.46461015939712524,0.42209625244140625,-0.114652119576931
Alapadma,0.5142310857772827,0.44275906682014465,6.254684876694228e-07,0.5182536840438843,0.3636528551578522,-0.03867000713944435,0.5438138246536255,0.28582632541656494,-0.0638318881392479,0.5681532621383667,0.2136428952217102,-0.08545003831386566,0.5914103388786316,0.1475696563720703,-0.10759785771369934,0.6146739721298218,0.34150299429893494,-0.0717570036649704,0.6850784420967102,0.3518657386302948,-0.10434331744909286,0.7293094396591187,0.36005347967147827,-0.12109212577342987,0.768122673034668,0.37197330594062805,-0.1314479410648346,0.6163963079452515,0.40983620285987854,-0.07039205729961395,0.6620361804962158,0.44905298948287964,-0.10656749457120895,0.6963443160057068,0.48758476972579956,-0.12448711693286896,0.7243901491165161,0.5203560590744019,-0.13392698764801025,0.59977126121521,0.4657011032104492,-0.06993761658668518,0.5888960361480713,0.5147784948348999,-0.11470497399568558,0.5456153750419617,0.5404573678970337,-0.1241183802485466,0.5117802619934082,0.5535753965377808,-0.12113435566425323,0.5738545656204224,0.5079204440116882,-0.07142427563667297,0.5479920506477356,0.5267488956451416,-0.1132333055138588,0.5118065476417542,0.5236104130744934,-0.12081631273031235,0.48173558712005615,0.5140765309333801,-0.11824377626180649
Alapadma,0.5200309753417969,0.4610700011253357,8.527609907105216e-07,0.5093227028846741,0.38243332505226135,-0.04240502044558525,0.5221010446548462,0.3041950464248657,-0.06794684380292892,0.5365869402885437,0.2259228527545929,-0.0882076621055603,0.5492671728134155,0.1454063504934311,-0.1092136949300766,0.6044149398803711,0.3025405704975128,-0.06983590126037598,0.6709202527999878,0.2765779495239258,-0.10361707955598831,0.7153794169425964,0.2567847669124603,-0.12224870175123215,0.7546525001525879,0.2442317008972168,-0.13293632864952087,0.6123430728912354,0.35834988951683044,-0.06592914462089539,0.6727542877197266,0.3712295591831207,-0.10332981497049332,0.7190730571746826,0.383112370967865,-0.12540346384048462,0.7591350674629211,0.3948085308074951,-0.1368362009525299,0.6041755676269531,0.4146581292152405,-0.06345783919095993,0.611772894859314,0.4716615080833435,-0.11205640435218811,0.5961623191833496,0.5286084413528442,-0.1319471299648285,0.5834293365478516,0.5675041675567627,-0.13563184440135956,0.5872805714607239,0.46347564458847046,-0.06229415163397789,0.5721142292022705,0.49852779507637024,-0.1072673425078392,0.5421875715255737,0.526736319065094,-0.12005434930324554,0.5177102088928223,0.5446400046348572,-0.12103264778852463
Alapadma,0.44633278250694275,0.7082141041755676,6.138356667406697e-08,0.490136057138443,0.6314384341239929,-0.015818333253264427,0.5376148223876953,0.553345263004303,-0.02890515886247158,0.5788329243659973,0.5001992583274841,-0.03741765767335892,0.614470899105072,0.47324270009994507,-0.049327485263347626,0.5164284110069275,0.5793673992156982,-0.06041823700070381,0.5266440510749817,0.5349647402763367,-0.08622471243143082,0.5364413857460022,0.489380419254303,-0.10285751521587372,0.5462428331375122,0.44768184423446655,-0.11450856178998947,0.4849001169204712,0.5929325819015503,-0.06184590607881546,0.4762979745864868,0.4732626974582672,-0.0873037800192833,0.4670778512954712,0.37843775749206543,-0.10265979915857315,0.46007654070854187,0.3058178424835205,-0.11699109524488449,0.4501008093357086,0.5924113988876343,-0.061200100928545,0.4430004358291626,0.47354134917259216,-0.08494001626968384,0.4364406168460846,0.3848223090171814,-0.09519177675247192,0.43176326155662537,0.32156044244766235,-0.10333701968193054,0.4158405065536499,0.5838627219200134,-0.060013867914676666,0.4084111750125885,0.4913134276866913,-0.08009304106235504,0.4060753583908081,0.42517542839050293,-0.08786983042955399,0.4046817123889923,0.37192797660827637,-0.0935678780078888
Alapadma,0.4558148682117462,0.5441725254058838,6.838047852397722e-07,0.47224023938179016,0.47141146659851074,-0.05160767585039139,0.5183536410331726,0.42995762825012207,-0.08407007902860641,0.5614155530929565,0.4046170115470886,-0.10872029513120651,0.6036280989646912,0.3699638843536377,-0.1328137367963791,0.5417044758796692,0.5342261791229248,-0.09642477333545685,0.5927186012268066,0.5953864455223083,-0.14152802526950836,0.6232616901397705,0.6451723575592041,-0.16896836459636688,0.6493454575538635,0.6988242864608765,-0.1874617040157318,0.526225745677948,0.5951970815658569,-0.0915854424238205,0.5349735617637634,0.6431418657302856,-0.15013767778873444,0.5281379818916321,0.6790135502815247,-0.1727777123451233,0.5211676955223083,0.7154723405838013,-0.18226629495620728,0.5020898580551147,0.6335200071334839,-0.08799313753843307,0.46549057960510254,0.6175746321678162,-0.13993509113788605,0.4280717372894287,0.5734532475471497,-0.13577964901924133,0.4021693468093872,0.5406219363212585,-0.12392247468233109,0.4749976098537445,0.6522023677825928,-0.08862001448869705,0.4479734003543854,0.6300252676010132,-0.12899522483348846,0.4195452928543091,0.5912134647369385,-0.12655717134475708,0.40093809366226196,0.559049665927887,-0.11776915937662125
Alapadma,0.45826563239097595,0.657179594039917,2.141162553925824e-07,0.4813152849674225,0.524673581123352,-0.009406240656971931,0.541207492351532,0.4636954069137573,-0.012883578427135944,0.5888175368309021,0.43112486600875854,-0.01753629371523857,0.6252893805503845,0.4011226296424866,-0.022005509585142136,0.5862747430801392,0.5525928139686584,-0.01994573138654232,0.6443307399749756,0.5749536752700806,-0.034335169941186905,0.6773598194122314,0.5996256470680237,-0.04436022415757179,0.7080866694450378,0.6237689256668091,-0.0529484823346138,0.5753413438796997,0.6165146827697754,-0.028506118804216385,0.5896822810173035,0.6384593844413757,-0.05021077021956444,0.5980516076087952,0.6172270178794861,-0.06423237174749374,0.6068710684776306,0.590671718120575,-0.07487799972295761,0.5463783740997314,0.6616548299789429,-0.038294270634651184,0.5210263729095459,0.6229411959648132,-0.06813609600067139,0.4997144937515259,0.5552773475646973,-0.082532599568367,0.4827406108379364,0.49824610352516174,-0.08958142250776291,0.5096780061721802,0.6715506911277771,-0.0480806864798069,0.4827364981174469,0.6004894971847534,-0.07480258494615555,0.45027223229408264,0.531997799873352,-0.0852113589644432,0.42576727271080017,0.47727707028388977,-0.09051051735877991
Alapadma,0.47600510716438293,0.6888799071311951,5.335361379366077e-07,0.5200406312942505,0.5717886686325073,-0.03046150505542755,0.5729153156280518,0.4969398081302643,-0.0554177351295948,0.6182520985603333,0.4705982208251953,-0.074493408203125,0.6611530184745789,0.47334232926368713,-0.09357583522796631,0.5720810890197754,0.5966933965682983,-0.08579674363136292,0.6188642382621765,0.5797056555747986,-0.12617933750152588,0.6537373661994934,0.6026075482368469,-0.1525723785161972,0.6937344670295715,0.6254113912582397,-0.1715680956840515,0.5529243350028992,0.6408270597457886,-0.08765524625778198,0.5660935044288635,0.5892376899719238,-0.13745392858982086,0.5759755969047546,0.5299103856086731,-0.16734476387500763,0.5825194120407104,0.47365644574165344,-0.19017302989959717,0.5206361413002014,0.6578388810157776,-0.08788304030895233,0.4996500611305237,0.5339992046356201,-0.13450291752815247,0.48035645484924316,0.4221557080745697,-0.15253137052059174,0.46399053931236267,0.322939395904541,-0.16335563361644745,0.48312392830848694,0.6506153345108032,-0.08832185715436935,0.46024444699287415,0.5429399013519287,-0.12250085175037384,0.44171667098999023,0.46759361028671265,-0.13300789892673492,0.42671382427215576,0.3954947292804718,-0.14021429419517517
Alapadma,0.44652390480041504,0.6920141577720642,5.892364924875437e-07,0.47153282165527344,0.5516393780708313,-0.018166977912187576,0.5211087465286255,0.4824104905128479,-0.03632824867963791,0.5611411333084106,0.44759517908096313,-0.051992036402225494,0.6012241244316101,0.42125749588012695,-0.07011660188436508,0.5771759152412415,0.5544631481170654,-0.07100573927164078,0.6378825306892395,0.521913468837738,-0.10571140050888062,0.6847710609436035,0.5195287466049194,-0.12886984646320343,0.7293202877044678,0.5273419618606567,-0.14557555317878723,0.5674517750740051,0.6023023128509521,-0.0807066485285759,0.5971517562866211,0.5118147134780884,-0.12211991846561432,0.6265183687210083,0.451942503452301,-0.1474326103925705,0.6502737998962402,0.40771496295928955,-0.16505983471870422,0.5385943651199341,0.6377249360084534,-0.08846651762723923,0.5280709862709045,0.49868425726890564,-0.13441747426986694,0.5122525095939636,0.3994951844215393,-0.1540004312992096,0.4960463345050812,0.3249162435531616,-0.1635412871837616,0.49715331196784973,0.6525101065635681,-0.09559918195009232,0.46672821044921875,0.5387892723083496,-0.13693971931934357,0.43984588980674744,0.46462324261665344,-0.15035715699195862,0.4151307940483093,0.4092094898223877,-0.15602687001228333
Alapadma,0.4477849304676056,0.7256612777709961,6.249302941796486e-07,0.4908698797225952,0.5780254602432251,-0.0061001162976026535,0.5484746098518372,0.5166325569152832,-0.01814252696931362,0.5924513339996338,0.48830485343933105,-0.032657090574502945,0.6359060406684875,0.46938037872314453,-0.04805225878953934,0.6125398874282837,0.5877103805541992,-0.04269414395093918,0.6820732355117798,0.5912178158760071,-0.07290951907634735,0.7257658243179321,0.5986689329147339,-0.09220584481954575,0.7672417163848877,0.6167697906494141,-0.10630033910274506,0.6041099429130554,0.6376688480377197,-0.05966130644083023,0.651796817779541,0.5987396836280823,-0.09887658059597015,0.6990801692008972,0.5833411812782288,-0.12488384544849396,0.73948073387146,0.5733115077018738,-0.14203974604606628,0.5743682980537415,0.676295280456543,-0.07498295605182648,0.5759647488594055,0.5560600161552429,-0.11417680978775024,0.5744345784187317,0.4656546711921692,-0.13174866139888763,0.5704983472824097,0.3947039246559143,-0.1407686173915863,0.5282939672470093,0.6929185390472412,-0.08996053785085678,0.4959990978240967,0.5820902585983276,-0.12100129574537277,0.4774984121322632,0.5098593831062317,-0.13115493953227997,0.46176666021347046,0.4559263288974762,-0.13593930006027222
Alapadma,0.4695621728897095,0.7449327707290649,2.060372423784429e-07,0.502572238445282,0.627765953540802,-0.03742949292063713,0.5452012419700623,0.5251190066337585,-0.06724715232849121,0.5916242003440857,0.47380802035331726,-0.08887891471385956,0.6369549036026001,0.45606714487075806,-0.10965525358915329,0.5304049849510193,0.6233484745025635,-0.11050164699554443,0.5489245653152466,0.6059704422950745,-0.15818814933300018,0.5684789419174194,0.6491575837135315,-0.18114815652370453,0.5891908407211304,0.6771142482757568,-0.19458399713039398,0.5062652230262756,0.6756858825683594,-0.11198441684246063,0.4807959794998169,0.5683197379112244,-0.16748885810375214,0.46314483880996704,0.48102468252182007,-0.19778266549110413,0.4458884000778198,0.3985191881656647,-0.2222856879234314,0.4737050235271454,0.7103374600410461,-0.11136079579591751,0.4268818795681,0.5922319293022156,-0.16280421614646912,0.39616990089416504,0.49998414516448975,-0.1807471662759781,0.3724833130836487,0.4159606695175171,-0.19205887615680695,0.4407810866832733,0.730667233467102,-0.11081330478191376,0.4153151214122772,0.6479975581169128,-0.145477294921875,0.40514153242111206,0.5961315035820007,-0.1540507972240448,0.3976171016693115,0.5387716293334961,-0.16157159209251404
Alapadma,0.4344596266746521,0.7114999294281006,7.331220217565715e-07,0.455540269613266,0.5726535320281982,-0.01807914301753044,0.5031865239143372,0.4858686029911041,-0.03222884237766266,0.5457737445831299,0.439231812953949,-0.04573662206530571,0.5849089026451111,0.39633357524871826,-0.05919542536139488,0.574855625629425,0.5331140160560608,-0.047019653022289276,0.6521474123001099,0.5240721106529236,-0.07769899070262909,0.7010916471481323,0.5203656554222107,-0.0974825769662857,0.7451543211936951,0.5264387130737305,-0.11084291338920593,0.5769351124763489,0.605525016784668,-0.05812348797917366,0.6267799735069275,0.5617250800132751,-0.09404805302619934,0.6721881031990051,0.5356471538543701,-0.1168074682354927,0.7084006071090698,0.516007661819458,-0.1301223635673523,0.5567398071289062,0.6674463152885437,-0.06899414956569672,0.5489952564239502,0.5691652297973633,-0.10786329954862595,0.5302320122718811,0.48514965176582336,-0.12228361517190933,0.5113037824630737,0.4163370132446289,-0.12696416676044464,0.5170493125915527,0.7075063586235046,-0.08055766671895981,0.4765322208404541,0.6209540963172913,-0.11465350538492203,0.445895791053772,0.5569064021110535,-0.12243939191102982,0.4199509024620056,0.5054059028625488,-0.1227802038192749
Alapadma,0.4239760637283325,0.6843080520629883,5.441569896902365e-07,0.44011640548706055,0.5708415508270264,-0.024806084111332893,0.4844903349876404,0.4747486412525177,-0.04098883643746376,0.5257952809333801,0.40377575159072876,-0.05477490648627281,0.5614390969276428,0.3463159501552582,-0.06894651800394058,0.5719006657600403,0.49266529083251953,-0.04902874678373337,0.6503623127937317,0.4861272871494293,-0.07953603565692902,0.6991090178489685,0.4862726926803589,-0.09775683283805847,0.7434983253479004,0.4936506748199463,-0.10999809950590134,0.5780235528945923,0.571935772895813,-0.055978890508413315,0.6452706456184387,0.5396153926849365,-0.08670485019683838,0.6941937804222107,0.5319429636001587,-0.10735943913459778,0.7398244738578796,0.5296011567115784,-0.1197199672460556,0.5630952715873718,0.6500449776649475,-0.06358093023300171,0.5595269799232483,0.5906065106391907,-0.10531777888536453,0.5521771907806396,0.5330157279968262,-0.12455776333808899,0.5510993599891663,0.4869574010372162,-0.1318458914756775,0.5334215760231018,0.7028241157531738,-0.07196593284606934,0.4902382493019104,0.6240693926811218,-0.1110607385635376,0.44787442684173584,0.5680413246154785,-0.12101183831691742,0.4167449474334717,0.5311696529388428,-0.12270504981279373
Alapadma,0.44939762353897095,0.7102391123771667,1.2812317606858414e-07,0.4832246005535126,0.5794360637664795,-0.02648482285439968,0.5311846733093262,0.48307615518569946,-0.041339557617902756,0.5767833590507507,0.4294934868812561,-0.05211251601576805,0.6162593364715576,0.39566856622695923,-0.06517647951841354,0.5240516662597656,0.5494096875190735,-0.05974619463086128,0.5479853749275208,0.5032228231430054,-0.09469547867774963,0.5764513611793518,0.5163119435310364,-0.11880159378051758,0.6093128323554993,0.5340076088905334,-0.1348341852426529,0.502298891544342,0.6041213870048523,-0.060612816363573074,0.486970454454422,0.5057900547981262,-0.0994759127497673,0.47442787885665894,0.42094355821609497,-0.11893594264984131,0.46441566944122314,0.35840392112731934,-0.13374045491218567,0.4678122401237488,0.6338668465614319,-0.06290092319250107,0.43413737416267395,0.5050521492958069,-0.10565915703773499,0.4074248671531677,0.41159266233444214,-0.1178731769323349,0.38921308517456055,0.35122743248939514,-0.12222912162542343,0.4293879270553589,0.6401716470718384,-0.06564156711101532,0.4056382179260254,0.5305761694908142,-0.09864398092031479,0.38888323307037354,0.4590112268924713,-0.10701541602611542,0.3785698413848877,0.4075719118118286,-0.11031340062618256
Alapadma,0.4374099671840668,0.7251731753349304,2.0814159995552473e-07,0.47906267642974854,0.6118084192276001,-0.03648383915424347,0.5105441212654114,0.51031893491745,-0.08199974149465561,0.5482447147369385,0.4514610767364502,-0.11837344616651535,0.5908187627792358,0.4100799858570099,-0.15543688833713531,0.4922517240047455,0.5930805206298828,-0.15463417768478394,0.5016612410545349,0.5431627631187439,-0.21660348773002625,0.5049251317977905,0.5437063574790955,-0.2460417002439499,0.5050811767578125,0.5522927045822144,-0.2625197172164917,0.45688220858573914,0.6243138313293457,-0.15634562075138092,0.4205265939235687,0.522159993648529,-0.23265303671360016,0.3962656259536743,0.44343236088752747,-0.2741810977458954,0.372737318277359,0.38083314895629883,-0.30534398555755615,0.42108502984046936,0.6335586905479431,-0.15172326564788818,0.3869125247001648,0.519192099571228,-0.21083424985408783,0.3589673936367035,0.4215085208415985,-0.23996897041797638,0.33091020584106445,0.345100998878479,-0.2597104012966156,0.38903874158859253,0.6279211044311523,-0.1455327719449997,0.37004655599594116,0.5138648748397827,-0.18385402858257294,0.35669514536857605,0.4290279746055603,-0.2047697752714157,0.33537548780441284,0.35122132301330566,-0.22253869473934174
Alapadma,0.43917569518089294,0.7298929691314697,2.6963849109051807e-07,0.4704536497592926,0.6415559649467468,-0.011367815546691418,0.5044698715209961,0.5713351964950562,-0.026335405185818672,0.5199533700942993,0.5189496874809265,-0.039302363991737366,0.5283681154251099,0.4877016544342041,-0.05594435706734657,0.5437259674072266,0.6163184642791748,-0.06236071512103081,0.5894356369972229,0.5534740686416626,-0.09169977158308029,0.6257430911064148,0.5465441346168518,-0.11198493093252182,0.6610638499259949,0.5463777780532837,-0.12586377561092377,0.5236367583274841,0.6453611254692078,-0.06894213706254959,0.5350229144096375,0.5436798930168152,-0.10139022022485733,0.5430887937545776,0.4641479253768921,-0.11926563829183578,0.5496664047241211,0.39905834197998047,-0.13270503282546997,0.4905138313770294,0.6558757424354553,-0.07313845306634903,0.4852759540081024,0.5283949375152588,-0.10926447063684464,0.4698614776134491,0.43918752670288086,-0.12387986481189728,0.4556571841239929,0.3744487762451172,-0.1306433528661728,0.453122615814209,0.6479817032814026,-0.07579029351472855,0.44160929322242737,0.5432183742523193,-0.10670735687017441,0.4256369471549988,0.47885918617248535,-0.11549913138151169,0.41226255893707275,0.4287847876548767,-0.11882980912923813
Alapadma,0.47268107533454895,0.7503107786178589,3.5805467746286013e-07,0.5163370370864868,0.6746493577957153,-0.02060188166797161,0.5695286989212036,0.6180717945098877,-0.03805866092443466,0.6113730072975159,0.5894786715507507,-0.05137309804558754,0.6488608717918396,0.587438702583313,-0.06734301894903183,0.584884524345398,0.690980851650238,-0.07225357741117477,0.6298396587371826,0.6536613702774048,-0.10518939048051834,0.666624903678894,0.6609780788421631,-0.12624190747737885,0.7024665474891663,0.6727737188339233,-0.14133426547050476,0.5607144236564636,0.7166141271591187,-0.0772777646780014,0.5758169889450073,0.6265037059783936,-0.11748646199703217,0.5885047912597656,0.5524740219116211,-0.13860207796096802,0.5987648963928223,0.48628538846969604,-0.1534377932548523,0.5247781872749329,0.7206087112426758,-0.08040634542703629,0.5125732421875,0.5830243229866028,-0.12155214697122574,0.496259868144989,0.48992490768432617,-0.13353009521961212,0.4824202358722687,0.41890668869018555,-0.13798092305660248,0.4866102635860443,0.7070821523666382,-0.08311989158391953,0.47109341621398926,0.595089316368103,-0.1178179606795311,0.4579603374004364,0.5291787385940552,-0.12651434540748596,0.44875842332839966,0.47662869095802307,-0.12934356927871704
Alapadma,0.4489113688468933,0.7618655562400818,4.100796218153846e-07,0.4778854250907898,0.6339629888534546,-0.0074510653503239155,0.5282917618751526,0.5776835680007935,-0.016985295340418816,0.5635402202606201,0.549643337726593,-0.026003798469901085,0.5929648876190186,0.5342929363250732,-0.03734308481216431,0.5791858434677124,0.6246513724327087,-0.050455573946237564,0.6477000713348389,0.5921405553817749,-0.074288010597229,0.6910326480865479,0.5826427340507507,-0.08878333866596222,0.7316858172416687,0.5848994255065918,-0.10004448145627975,0.5742759704589844,0.6596237421035767,-0.06097050756216049,0.6109366416931152,0.5610121488571167,-0.09346004575490952,0.6418841481208801,0.5024126172065735,-0.11500640213489532,0.6703692674636841,0.45938676595687866,-0.12975870072841644,0.5509778261184692,0.6815981268882751,-0.06864702701568604,0.5453102588653564,0.5393717288970947,-0.10543139278888702,0.5285159945487976,0.450259268283844,-0.12384208291769028,0.5125627517700195,0.38244664669036865,-0.13290290534496307,0.516482949256897,0.6819005608558655,-0.07527142763137817,0.4823989272117615,0.5634857416152954,-0.10663077980279922,0.45862501859664917,0.49158889055252075,-0.11884664744138718,0.4398837089538574,0.43568599224090576,-0.12464316189289093
Musti,0.5252646207809448,0.5295504927635193,-4.756180658205267e-07,0.5337298512458801,0.4513908922672272,-0.022751344367861748,0.563529372215271,0.37480518221855164,-0.035875625908374786,0.5970972776412964,0.33633852005004883,-0.0484064519405365,0.623667299747467,0.3707639276981354,-0.05445052310824394,0.6439171433448792,0.39093855023384094,-0.005674371961504221,0.6406005024909973,0.33222389221191406,-0.03474237769842148,0.6011515855789185,0.3585782051086426,-0.04898286983370781,0.5975079536437988,0.3841191232204437,-0.05616302788257599,0.6545594334602356,0.4399571120738983,-0.006741367280483246,0.6351091861724854,0.3849567770957947,-0.03650229424238205,0.5907891392707825,0.40910404920578003,-0.03829203173518181,0.5927045345306396,0.4304788112640381,-0.032229743897914886,0.6506248712539673,0.488404244184494,-0.01419429574161768,0.6226083636283875,0.43623435497283936,-0.04114002734422684,0.584037721157074,0.44940128922462463,-0.03130536898970604,0.5890644788742065,0.46870508790016174,-0.017677394673228264,0.6386100053787231,0.5330585241317749,-0.025013472884893417,0.6091144680976868,0.4852820932865143,-0.039175111800432205,0.5840265154838562,0.48688456416130066,-0.034692663699388504,0.5878278017044067,0.5014398694038391,-0.02684498019516468
Musti,0.5292527079582214,0.5447835326194763,-3.7181030165811535e-07,0.5328571200370789,0.4654187858104706,-0.025255102664232254,0.5525271892547607,0.38838717341423035,-0.04199156165122986,0.5704405903816223,0.36001697182655334,-0.05590704828500748,0.585700511932373,0.40157508850097656,-0.06446883827447891,0.6516534686088562,0.3988088369369507,-0.02032812312245369,0.6295198202133179,0.37648895382881165,-0.04969685152173042,0.5981162190437317,0.38443976640701294,-0.0690101683139801,0.5924729704856873,0.39580345153808594,-0.08089183270931244,0.6584861278533936,0.4593641757965088,-0.022238902747631073,0.6246457099914551,0.4369403123855591,-0.050062261521816254,0.5923858284950256,0.43032801151275635,-0.058354154229164124,0.5881949663162231,0.4285658895969391,-0.059394508600234985,0.6479344367980957,0.5162317156791687,-0.028777388855814934,0.6027582287788391,0.48812025785446167,-0.04959900304675102,0.5751457214355469,0.4774240553379059,-0.04481589049100876,0.5757244229316711,0.4742629826068878,-0.038176409900188446,0.6270172595977783,0.5642432570457458,-0.03938036039471626,0.5794602632522583,0.5330004692077637,-0.05344210937619209,0.5595813393592834,0.5186231732368469,-0.05246428772807121,0.5615153908729553,0.511311948299408,-0.04822559282183647
Musti,0.539890706539154,0.5541401505470276,-2.2372192631792132e-07,0.5434832572937012,0.47302693128585815,-0.02853391505777836,0.5534912347793579,0.40297019481658936,-0.049370452761650085,0.5601766109466553,0.37553954124450684,-0.06596498191356659,0.5634536743164062,0.41644370555877686,-0.07877996563911438,0.6581708192825317,0.41865473985671997,-0.030250249430537224,0.6094383001327515,0.39506766200065613,-0.05315089970827103,0.5881233215332031,0.404470294713974,-0.07055569440126419,0.5950276851654053,0.4146229922771454,-0.08277817070484161,0.6585197448730469,0.48439937829971313,-0.028668655082583427,0.5987892150878906,0.45209360122680664,-0.04333361238241196,0.5818120241165161,0.44823652505874634,-0.049024228006601334,0.5912608504295349,0.4487118124961853,-0.05359930545091629,0.6422865986824036,0.5442467927932739,-0.03041146509349346,0.5837530493736267,0.5079257488250732,-0.04235706850886345,0.5694532990455627,0.49307680130004883,-0.03705539181828499,0.5763328075408936,0.4906887412071228,-0.03326256573200226,0.616456925868988,0.5895693898200989,-0.03616539388895035,0.5702047944068909,0.5507567524909973,-0.04599408060312271,0.558225691318512,0.5351669192314148,-0.042805202305316925,0.5619040727615356,0.5315569043159485,-0.03810780867934227
Musti,0.5628336668014526,0.6870632171630859,-1.7590031120562344e-07,0.5576732754707336,0.5412245988845825,-0.017806831747293472,0.5431731939315796,0.42017748951911926,-0.03869969770312309,0.5081290602684021,0.36021316051483154,-0.056852299720048904,0.47047388553619385,0.3787665367126465,-0.07305573672056198,0.6107150912284851,0.3917776942253113,-0.03800848126411438,0.5110670328140259,0.347119003534317,-0.056461941450834274,0.5087366700172424,0.38432055711746216,-0.06822959333658218,0.5337398052215576,0.40420958399772644,-0.07704248279333115,0.6029409170150757,0.4603939950466156,-0.0421387180685997,0.4904714524745941,0.40569978952407837,-0.052531830966472626,0.5037956237792969,0.4425645172595978,-0.05520348250865936,0.5308736562728882,0.45772990584373474,-0.06158534064888954,0.5846156477928162,0.5298267602920532,-0.04668491333723068,0.480535089969635,0.47029590606689453,-0.05110182613134384,0.49714788794517517,0.49770113825798035,-0.046280696988105774,0.524267852306366,0.5129767656326294,-0.04695931449532509,0.5562784671783447,0.5948653221130371,-0.053722940385341644,0.4810072183609009,0.5261479020118713,-0.055887967348098755,0.4939754903316498,0.5354076027870178,-0.051035426557064056,0.5196455717086792,0.5467031598091125,-0.04873020946979523
Musti,0.5524827241897583,0.6229754090309143,3.134091031142816e-08,0.549543023109436,0.5009552836418152,0.0017266551731154323,0.4997733533382416,0.4151940643787384,-0.008819645270705223,0.43925002217292786,0.40428903698921204,-0.018898578360676765,0.39757493138313293,0.43039071559906006,-0.030987178906798363,0.5038795471191406,0.41210007667541504,-0.03724824637174606,0.42111971974372864,0.38067740201950073,-0.050391633063554764,0.40837562084198,0.38185548782348633,-0.053813014179468155,0.4127720594406128,0.3899114727973938,-0.05405439808964729,0.49138426780700684,0.4857003092765808,-0.04451732710003853,0.40108925104141235,0.45278799533843994,-0.052438706159591675,0.40758880972862244,0.4420618712902069,-0.04734533280134201,0.42949095368385315,0.43928635120391846,-0.04598768427968025,0.47574493288993835,0.5543380975723267,-0.049171000719070435,0.39809927344322205,0.5039617419242859,-0.05410189926624298,0.41271957755088806,0.4916074573993683,-0.043946243822574615,0.43674004077911377,0.4934721291065216,-0.03792805224657059,0.46243298053741455,0.6147350668907166,-0.05274041369557381,0.4078737199306488,0.5477324724197388,-0.05533122271299362,0.41951072216033936,0.5348809957504272,-0.044409770518541336,0.4384387135505676,0.541813850402832,-0.036200035363435745
Musti,0.5775779485702515,0.5471295118331909,-8.712696342172421e-08,0.5533453226089478,0.45849114656448364,-0.04251964017748833,0.5138907432556152,0.3911582827568054,-0.08253975212574005,0.4626583456993103,0.3866729736328125,-0.11474192142486572,0.4226958155632019,0.41954928636550903,-0.1475687026977539,0.575933039188385,0.42422914505004883,-0.1038648709654808,0.47937682271003723,0.4057900607585907,-0.13559672236442566,0.4752383232116699,0.40959519147872925,-0.15336544811725616,0.49224722385406494,0.41020530462265015,-0.16523098945617676,0.5752382874488831,0.5099202394485474,-0.09927766025066376,0.46079760789871216,0.47682350873947144,-0.12058676034212112,0.4740966558456421,0.47485294938087463,-0.12002051621675491,0.49592718482017517,0.47743648290634155,-0.12238526344299316,0.5635178089141846,0.5814000368118286,-0.09380437433719635,0.45857518911361694,0.5316741466522217,-0.10899033397436142,0.4762175977230072,0.5229456424713135,-0.09074539691209793,0.5013673305511475,0.5264554023742676,-0.07823295891284943,0.5431913137435913,0.6304275989532471,-0.09346223622560501,0.4652318060398102,0.5778520107269287,-0.10625049471855164,0.47355568408966064,0.5590196847915649,-0.09381625056266785,0.4927503764629364,0.5556297898292542,-0.08227505534887314
Musti,0.6175386905670166,0.5408028960227966,-3.279546092471719e-07,0.6001688241958618,0.47976699471473694,-0.07267630100250244,0.5714848041534424,0.4795295000076294,-0.11720095574855804,0.5305073857307434,0.5184640288352966,-0.14180828630924225,0.5085206031799316,0.5665867924690247,-0.1572837382555008,0.6499471664428711,0.5972487330436707,-0.15785157680511475,0.5585852861404419,0.5936562418937683,-0.19353869557380676,0.5569120645523071,0.5263451933860779,-0.1889287233352661,0.5779647827148438,0.5172040462493896,-0.18680426478385925,0.6380317211151123,0.6769165396690369,-0.13384050130844116,0.5403967499732971,0.622084379196167,-0.16869771480560303,0.5465238690376282,0.5327086448669434,-0.15473854541778564,0.5727929472923279,0.530661404132843,-0.14887911081314087,0.6159695386886597,0.7215911149978638,-0.11018049716949463,0.5232483744621277,0.6593711972236633,-0.14018818736076355,0.5339536666870117,0.5688072443008423,-0.12108398973941803,0.5633458495140076,0.5634234547615051,-0.1124536320567131,0.5897706747055054,0.7411419153213501,-0.09162013232707977,0.5259619355201721,0.6676710844039917,-0.12011676281690598,0.5301377773284912,0.5980427861213684,-0.12241072207689285,0.5516222715377808,0.59443598985672,-0.12516793608665466
Musti,0.6322672963142395,0.5104191303253174,-2.27959930043653e-07,0.6530937552452087,0.4580756425857544,-0.05618838593363762,0.6516631245613098,0.40872299671173096,-0.0861240103840828,0.637362539768219,0.43200746178627014,-0.10594786703586578,0.6241737604141235,0.45286282896995544,-0.12002004683017731,0.5622544884681702,0.4087962210178375,-0.08309918642044067,0.5673081874847412,0.5003127455711365,-0.1213807538151741,0.5858991146087646,0.5216599702835083,-0.13413271307945251,0.5906794667243958,0.513215184211731,-0.14066928625106812,0.5354413390159607,0.4567228853702545,-0.07031191885471344,0.5797127485275269,0.5911698937416077,-0.11320760846138,0.6303278803825378,0.571635365486145,-0.11765532195568085,0.6476941108703613,0.5272665023803711,-0.115312859416008,0.5297320485115051,0.5065257549285889,-0.061517633497714996,0.5855787396430969,0.6292809247970581,-0.10115565359592438,0.6301441192626953,0.5999405980110168,-0.09168998897075653,0.6420557498931885,0.5567623376846313,-0.07960178703069687,0.535220742225647,0.5570294857025146,-0.05809645354747772,0.5878313183784485,0.645607054233551,-0.09195508807897568,0.623527467250824,0.6227702498435974,-0.09308520704507828,0.6308003664016724,0.5858170986175537,-0.08710282295942307
Musti,0.539709210395813,0.5058630108833313,-4.579650010327896e-07,0.5273752808570862,0.4177815914154053,-0.03249448910355568,0.553288459777832,0.345317006111145,-0.05043895170092583,0.5960270166397095,0.3701379597187042,-0.0649571344256401,0.6296613216400146,0.4281485974788666,-0.07453978061676025,0.6366152763366699,0.33206501603126526,-0.035389967262744904,0.662963330745697,0.31184691190719604,-0.0744493156671524,0.6264585256576538,0.3305208086967468,-0.09267330169677734,0.6033735275268555,0.34741446375846863,-0.09996536374092102,0.6565403342247009,0.39464372396469116,-0.03464486449956894,0.6648398637771606,0.385785847902298,-0.07443993538618088,0.6095280051231384,0.4020763039588928,-0.07746686041355133,0.5911462903022766,0.4065971374511719,-0.06958968937397003,0.6562274694442749,0.4599694609642029,-0.04044589400291443,0.628261387348175,0.47452181577682495,-0.07314296066761017,0.5805044770240784,0.4652363657951355,-0.0678417906165123,0.5730739235877991,0.44820475578308105,-0.05597629025578499,0.6464099287986755,0.5181092023849487,-0.04997410997748375,0.6154496669769287,0.5200587511062622,-0.07045314460992813,0.5835190415382385,0.5053687691688538,-0.06861350685358047,0.5788024663925171,0.48779284954071045,-0.06173519417643547
Musti,0.5113945007324219,0.5679467916488647,-4.409758389556373e-07,0.508171796798706,0.48559170961380005,-0.03254865109920502,0.543692409992218,0.3917751908302307,-0.05018188804388046,0.592930793762207,0.36653727293014526,-0.06587948650121689,0.6297146081924438,0.40234485268592834,-0.07388611882925034,0.622656524181366,0.3611438572406769,-0.011788795702159405,0.6334502100944519,0.3337710201740265,-0.05345172807574272,0.5938634872436523,0.3631044924259186,-0.07190491259098053,0.5874289870262146,0.3885176181793213,-0.0800263062119484,0.6410314440727234,0.4171994924545288,-0.011442962102591991,0.6435315608978271,0.40811264514923096,-0.05362914502620697,0.5861477255821228,0.42772310972213745,-0.05367225036025047,0.5882510542869568,0.432541161775589,-0.04265770688652992,0.6428341269493103,0.4776153266429901,-0.020169056951999664,0.629591703414917,0.47537869215011597,-0.05834873765707016,0.5758719444274902,0.4803200662136078,-0.04464072361588478,0.5811861157417297,0.47793424129486084,-0.026632504537701607,0.6369922161102295,0.5398765206336975,-0.0333293154835701,0.6017084121704102,0.5319871306419373,-0.05658390000462532,0.5668659210205078,0.5307310223579407,-0.05343347042798996,0.5766966342926025,0.5289679169654846,-0.04552944749593735
Musti,0.4963318407535553,0.6217641234397888,-5.051799689681502e-07,0.4916501045227051,0.5128939151763916,-0.026538195088505745,0.5150267481803894,0.40099281072616577,-0.03951142728328705,0.5562775135040283,0.33885547518730164,-0.05288923904299736,0.5964308977127075,0.3470228910446167,-0.0586673766374588,0.5916994214057922,0.37448230385780334,0.0029413781594485044,0.5989564657211304,0.3012304902076721,-0.03243520110845566,0.5607233643531799,0.34188300371170044,-0.04815573990345001,0.5565891265869141,0.3689638376235962,-0.05407141521573067,0.6133439540863037,0.41880032420158386,0.002855636877939105,0.6005024313926697,0.35880622267723083,-0.03432123363018036,0.5556002259254456,0.4064255952835083,-0.03727057948708534,0.5613574981689453,0.4255351722240448,-0.028946317732334137,0.62221360206604,0.4685520529747009,-0.00583069771528244,0.5921540260314941,0.42584356665611267,-0.04016038402915001,0.5505414605140686,0.4623469114303589,-0.03137343004345894,0.5598208904266357,0.47790879011154175,-0.016084574162960052,0.624115526676178,0.5207788348197937,-0.018256306648254395,0.5849244594573975,0.48000454902648926,-0.03486808389425278,0.5563263893127441,0.5025327205657959,-0.030793115496635437,0.5659698843955994,0.5183711051940918,-0.022354066371917725
Musti,0.5012286901473999,0.6534844040870667,-4.822753112421196e-07,0.4900832176208496,0.529874861240387,-0.025193577632308006,0.5006087422370911,0.4077804684638977,-0.040368713438510895,0.5194002389907837,0.33045607805252075,-0.05510050430893898,0.5505806803703308,0.32542920112609863,-0.06242477521300316,0.6093728542327881,0.3722459673881531,-0.0031728276517242193,0.5679235458374023,0.28283724188804626,-0.03756209462881088,0.5361655354499817,0.3420672118663788,-0.05894584208726883,0.5435266494750977,0.37912094593048096,-0.07116243243217468,0.6288958191871643,0.4096505641937256,-0.005946888588368893,0.5641957521438599,0.3296166956424713,-0.03976033627986908,0.5333108305931091,0.40217339992523193,-0.047271259129047394,0.5459327697753906,0.43356212973594666,-0.045583877712488174,0.6310884952545166,0.4553602933883667,-0.015713481232523918,0.5577512383460999,0.39378026127815247,-0.0440862700343132,0.5328230857849121,0.457224577665329,-0.0359836183488369,0.5489574670791626,0.4846091568470001,-0.024502340704202652,0.6220736503601074,0.504233181476593,-0.030012276023626328,0.5569114089012146,0.45873239636421204,-0.04705941304564476,0.5389912724494934,0.49741852283477783,-0.04415024071931839,0.5518243908882141,0.5165875554084778,-0.03666688874363899
Musti,0.5028417110443115,0.690621554851532,-3.2753510481597914e-07,0.492647260427475,0.5332844257354736,-0.018703067675232887,0.49877864122390747,0.41880252957344055,-0.03908899798989296,0.5019837617874146,0.3452725112438202,-0.05790787562727928,0.5043286085128784,0.325425386428833,-0.0718945786356926,0.6310514211654663,0.3987821340560913,-0.025260871276259422,0.5572469234466553,0.2926708459854126,-0.047250013798475266,0.5326350927352905,0.33994951844215393,-0.06409815698862076,0.5427241325378418,0.38177773356437683,-0.07624687254428864,0.6313854455947876,0.44898247718811035,-0.030660422518849373,0.5361881256103516,0.339946985244751,-0.0417788103222847,0.5220847725868225,0.3992917835712433,-0.043754711747169495,0.5366737246513367,0.43971726298332214,-0.04811472445726395,0.6103981137275696,0.4995590150356293,-0.03883325681090355,0.5189474821090698,0.4031992554664612,-0.044267211109399796,0.5106798410415649,0.4532332122325897,-0.035808365792036057,0.5254594683647156,0.4875020384788513,-0.03349967673420906,0.5763918161392212,0.5458263754844666,-0.05084855109453201,0.5141730904579163,0.4621112644672394,-0.05554340407252312,0.5064439177513123,0.48321661353111267,-0.05072355642914772,0.5147839784622192,0.5042086839675903,-0.04662209004163742
Musti,0.50662761926651,0.6687367558479309,-1.605721564601481e-07,0.5116665959358215,0.5264000296592712,-0.015840373933315277,0.5031026601791382,0.4189022183418274,-0.04045560956001282,0.4718322455883026,0.36580199003219604,-0.06232539191842079,0.43312492966651917,0.3726099729537964,-0.08380946516990662,0.5795850157737732,0.44329172372817993,-0.05524878948926926,0.48574572801589966,0.34869569540023804,-0.07415658235549927,0.4724055528640747,0.37829768657684326,-0.08330294489860535,0.4969199299812317,0.40692633390426636,-0.09072435647249222,0.5630086064338684,0.5160655379295349,-0.061717528849840164,0.4563772678375244,0.4072279930114746,-0.06622785329818726,0.4584288001060486,0.4399634003639221,-0.0604303702712059,0.4834017753601074,0.4625822603702545,-0.06286356598138809,0.5326147675514221,0.577470600605011,-0.06728079915046692,0.43298929929733276,0.47415196895599365,-0.06630914658308029,0.43555277585983276,0.49710220098495483,-0.04983764514327049,0.45495641231536865,0.5202564597129822,-0.044374093413352966,0.4942280650138855,0.6270262598991394,-0.07575540989637375,0.42389971017837524,0.5395735502243042,-0.07646579295396805,0.42698192596435547,0.5441254377365112,-0.06478448212146759,0.4408825933933258,0.5607019662857056,-0.05738179385662079
Musti,0.5175633430480957,0.6338343024253845,-6.243593020371918e-08,0.5264665484428406,0.49412229657173157,-0.011915805749595165,0.4770190715789795,0.3977038264274597,-0.0349099263548851,0.40604227781295776,0.3788756728172302,-0.05568375065922737,0.35987240076065063,0.4018920958042145,-0.07802769541740417,0.5194693207740784,0.44553813338279724,-0.05845031887292862,0.42700907588005066,0.39946481585502625,-0.08612053096294403,0.3973185420036316,0.39476215839385986,-0.09968117624521255,0.39339011907577515,0.409170925617218,-0.1046052873134613,0.5012572407722473,0.5439538955688477,-0.06376462429761887,0.382962703704834,0.4748085141181946,-0.08107060194015503,0.38885530829429626,0.44465774297714233,-0.07368069887161255,0.4150921106338501,0.4355599880218506,-0.0691879391670227,0.475641131401062,0.6175367832183838,-0.06816741824150085,0.36882856488227844,0.5231865644454956,-0.08198459446430206,0.38158369064331055,0.48472145199775696,-0.060038041323423386,0.4113408923149109,0.47522202134132385,-0.042091917246580124,0.4486968517303467,0.6722663640975952,-0.07336534559726715,0.372369647026062,0.573520839214325,-0.08569332212209702,0.3827197849750519,0.5358617901802063,-0.06812350451946259,0.4060153067111969,0.5299979448318481,-0.05093841627240181
Musti,0.5224597454071045,0.5651963949203491,-4.5169704776526487e-07,0.48906517028808594,0.48272401094436646,-0.02920021302998066,0.44506436586380005,0.43607136607170105,-0.057170022279024124,0.3908100128173828,0.44649505615234375,-0.07944662123918533,0.361605703830719,0.48092567920684814,-0.10478436946868896,0.5216907858848572,0.46666234731674194,-0.07892003655433655,0.434458464384079,0.4640595614910126,-0.0954408273100853,0.3948543071746826,0.4463138282299042,-0.10275543481111526,0.3810519278049469,0.43188539147377014,-0.10972003638744354,0.5308665633201599,0.5515202879905701,-0.07898463308811188,0.4135928750038147,0.5489255785942078,-0.08932347595691681,0.3772983253002167,0.515614926815033,-0.09327127784490585,0.3660869598388672,0.4836134612560272,-0.10372129082679749,0.524418830871582,0.6227761507034302,-0.07662627846002579,0.4108774662017822,0.608325183391571,-0.08494378626346588,0.3840225338935852,0.5693925023078918,-0.07879378646612167,0.37918978929519653,0.5311695337295532,-0.08034393191337585,0.5065213441848755,0.6771318316459656,-0.07699572294950485,0.4201543927192688,0.6601657867431641,-0.08831098675727844,0.39918044209480286,0.625259518623352,-0.08119942992925644,0.39330539107322693,0.5882844924926758,-0.0777214765548706
Musti,0.5069178938865662,0.5974099636077881,-4.136951758937357e-07,0.5048844814300537,0.5209138989448547,-0.04162971302866936,0.5122970342636108,0.43637555837631226,-0.07000210136175156,0.5242039561271667,0.4023200273513794,-0.09213602542877197,0.5374422073364258,0.4459654688835144,-0.10638627409934998,0.6374794840812683,0.40326228737831116,-0.04509148374199867,0.595575749874115,0.39466357231140137,-0.08024830371141434,0.557156503200531,0.41733017563819885,-0.09928219020366669,0.5575636625289917,0.4335152804851532,-0.11226992309093475,0.6556631326675415,0.4804057776927948,-0.04162658378481865,0.5982165932655334,0.476466566324234,-0.0738854855298996,0.5583100318908691,0.48225799202919006,-0.07896538823843002,0.5640978217124939,0.4848209619522095,-0.07997117936611176,0.6507606506347656,0.5557448267936707,-0.04365740716457367,0.5805862545967102,0.5523390769958496,-0.07044452428817749,0.5494683384895325,0.5391828417778015,-0.06239567697048187,0.5631139278411865,0.5262750387191772,-0.05568414926528931,0.632551908493042,0.6239840984344482,-0.0510517917573452,0.5659014582633972,0.6125099062919617,-0.06998888403177261,0.5416430234909058,0.5972840189933777,-0.06925457715988159,0.5535423159599304,0.5817910432815552,-0.06637415289878845
Musti,0.5136510133743286,0.6085535883903503,-4.515181331044005e-07,0.5059059262275696,0.5349238514900208,-0.03763681277632713,0.5133001208305359,0.4464552402496338,-0.06158144026994705,0.5295804738998413,0.4116154611110687,-0.08011813461780548,0.5517036318778992,0.4609370231628418,-0.09081411361694336,0.6305726766586304,0.3957619369029999,-0.032945431768894196,0.5962890386581421,0.38100314140319824,-0.06815192848443985,0.5585420727729797,0.4263988733291626,-0.08829285204410553,0.5594210028648376,0.4535389244556427,-0.10081031173467636,0.652962863445282,0.46285152435302734,-0.03058267943561077,0.6087767481803894,0.4545266032218933,-0.062414247542619705,0.5649765729904175,0.4832689166069031,-0.06682974845170975,0.5680761337280273,0.4929916560649872,-0.06525169312953949,0.6541146636009216,0.5358421206474304,-0.03430742397904396,0.5968130826950073,0.5395029187202454,-0.06102035567164421,0.5591703653335571,0.5423429012298584,-0.05155819281935692,0.5682631134986877,0.5344216823577881,-0.0414450466632843,0.6438789367675781,0.6079804301261902,-0.043182622641325,0.5900948643684387,0.6066616177558899,-0.0589962862432003,0.5600641965866089,0.6011195182800293,-0.05497146397829056,0.5658283233642578,0.5890844464302063,-0.048762835562229156
Musti,0.5326382517814636,0.6042286157608032,-2.1280891360220267e-07,0.5299208164215088,0.5282913446426392,-0.042626310139894485,0.5613027215003967,0.4610480070114136,-0.06303142011165619,0.6091435551643372,0.47263920307159424,-0.07571108639240265,0.6430359482765198,0.5278337597846985,-0.07997511327266693,0.6430976986885071,0.4089358448982239,-0.037930894643068314,0.6643168926239014,0.4116314649581909,-0.06311044842004776,0.6255422234535217,0.44996827840805054,-0.07102195918560028,0.6121596097946167,0.4693335294723511,-0.07536917179822922,0.6592583060264587,0.46834099292755127,-0.027077071368694305,0.6794523596763611,0.4764499366283417,-0.0522526353597641,0.6328672766685486,0.507703423500061,-0.05018293485045433,0.6207866668701172,0.5159904360771179,-0.045173175632953644,0.6623327136039734,0.5293072462081909,-0.02182231843471527,0.6733812093734741,0.5452796220779419,-0.048829399049282074,0.627737283706665,0.5596452951431274,-0.03574669733643532,0.6144540905952454,0.5565498471260071,-0.022412581369280815,0.6558660268783569,0.5886565446853638,-0.02057197317481041,0.6643614768981934,0.6027190685272217,-0.0410466305911541,0.6337704062461853,0.6033804416656494,-0.03683621436357498,0.6241676211357117,0.5913996696472168,-0.03005364164710045
Musti,0.5716066956520081,0.5987013578414917,-7.601088469755268e-08,0.5753717422485352,0.5545322895050049,-0.057260096073150635,0.6124929189682007,0.5348366498947144,-0.07942793518304825,0.6610399484634399,0.554560661315918,-0.09006932377815247,0.7040116786956787,0.5655141472816467,-0.09352434426546097,0.6593680381774902,0.4261021018028259,-0.05414126068353653,0.7013653516769409,0.45722874999046326,-0.08421923220157623,0.6715879440307617,0.4926559329032898,-0.09398423880338669,0.6419147849082947,0.5055955648422241,-0.09511468559503555,0.6767442226409912,0.48567014932632446,-0.03424297645688057,0.7200570702552795,0.515949010848999,-0.0684913843870163,0.6809276938438416,0.5401260852813721,-0.07746978849172592,0.6566146612167358,0.5383424758911133,-0.07563791424036026,0.6845744848251343,0.5450255870819092,-0.019409548491239548,0.7062118649482727,0.5783060789108276,-0.05591945722699165,0.6626884937286377,0.5880112648010254,-0.05465200915932655,0.6406713128089905,0.5764002203941345,-0.04523635655641556,0.683082103729248,0.5901367664337158,-0.008302935399115086,0.689163327217102,0.6146148443222046,-0.03508998826146126,0.6539093852043152,0.6178818345069885,-0.03460576385259628,0.6359577775001526,0.6060758233070374,-0.028084978461265564
Musti,0.5523906946182251,0.6275633573532104,-2.933560949713865e-07,0.5352354645729065,0.5602353811264038,-0.0437166802585125,0.5326895117759705,0.4875805675983429,-0.07355000078678131,0.5510706901550293,0.4878799617290497,-0.0956185981631279,0.5781074166297913,0.5340633988380432,-0.1107097938656807,0.6294568777084351,0.4009614586830139,-0.057294655591249466,0.6107896566390991,0.4460960030555725,-0.08445075154304504,0.5785273909568787,0.48772603273391724,-0.09682480990886688,0.5678425431251526,0.49434396624565125,-0.10646197199821472,0.6551398038864136,0.46035292744636536,-0.05206557735800743,0.6508663296699524,0.4870470464229584,-0.08487894386053085,0.6112246513366699,0.524962842464447,-0.09097262471914291,0.5918564200401306,0.5342772603034973,-0.09177567809820175,0.6656224131584167,0.5273081064224243,-0.05018320679664612,0.6505986452102661,0.5695134997367859,-0.07924709469079971,0.6070510149002075,0.5881465673446655,-0.07219666987657547,0.586024284362793,0.5768275260925293,-0.06433165818452835,0.6632256507873535,0.5985357761383057,-0.05279216542840004,0.6441456079483032,0.6387357711791992,-0.07631716132164001,0.6100265979766846,0.6387609839439392,-0.07691700756549835,0.5960062146186829,0.614113450050354,-0.07457009702920914
Musti,0.558569073677063,0.6018238663673401,7.314412897585498e-08,0.5473448038101196,0.5164119601249695,-0.035254523158073425,0.5237370133399963,0.47769975662231445,-0.06916794180870056,0.49858611822128296,0.5071510076522827,-0.09451604634523392,0.4953300952911377,0.5729906558990479,-0.11534597724676132,0.6228250861167908,0.48462218046188354,-0.11664769798517227,0.5379251837730408,0.5106889009475708,-0.16001522541046143,0.5357428789138794,0.5003017783164978,-0.1700616031885147,0.553450882434845,0.49703964591026306,-0.1695765256881714,0.6347342729568481,0.5666782855987549,-0.11037541925907135,0.5250372290611267,0.5812383890151978,-0.15394113957881927,0.530585765838623,0.562156617641449,-0.1454777866601944,0.5564684867858887,0.5563860535621643,-0.13609063625335693,0.622042179107666,0.637861430644989,-0.10319352895021439,0.5163370370864868,0.6350838541984558,-0.12952326238155365,0.5252435803413391,0.6158977150917053,-0.10512635111808777,0.5498570203781128,0.6095460057258606,-0.08651168644428253,0.5989766716957092,0.6952395439147949,-0.09894052892923355,0.5217822194099426,0.671977698802948,-0.10492361336946487,0.5254254341125488,0.6556949019432068,-0.08899904787540436,0.5461162328720093,0.6543958187103271,-0.0801769569516182
Musti,0.5668136477470398,0.6416665315628052,-1.6213604681070137e-07,0.557859480381012,0.5199759006500244,-0.005538172088563442,0.5111410021781921,0.424005925655365,-0.020923806354403496,0.4591558575630188,0.3957464098930359,-0.03601432591676712,0.4263695478439331,0.4247210919857025,-0.05220407620072365,0.5205332040786743,0.37319666147232056,-0.048960231244564056,0.4166928231716156,0.366105854511261,-0.06704730540513992,0.4177894592285156,0.41048383712768555,-0.06867920607328415,0.4442688822746277,0.4284256100654602,-0.069101981818676,0.5223877429962158,0.45295414328575134,-0.0583309568464756,0.4101129174232483,0.45238250494003296,-0.07213277369737625,0.4270305633544922,0.48010948300361633,-0.06428840011358261,0.45476117730140686,0.4869365096092224,-0.060878146439790726,0.5153088569641113,0.5387001633644104,-0.06623543053865433,0.41197705268859863,0.5241808295249939,-0.0782853215932846,0.43303483724594116,0.5394970178604126,-0.06337392330169678,0.4628651440143585,0.5431109666824341,-0.05438348278403282,0.505516767501831,0.6223461031913757,-0.07404858618974686,0.42418384552001953,0.5819786190986633,-0.08876337110996246,0.43829411268234253,0.5850541591644287,-0.08031405508518219,0.4644632339477539,0.5926375389099121,-0.07181695103645325
Musti,0.5003180503845215,0.5669426918029785,-2.068289290946268e-07,0.4741297662258148,0.4539709687232971,-0.03174937143921852,0.46185705065727234,0.3541421890258789,-0.05779619887471199,0.45759475231170654,0.30625012516975403,-0.07896674424409866,0.46338072419166565,0.3343769907951355,-0.0942029356956482,0.5800339579582214,0.2849101424217224,-0.0412244014441967,0.5009093284606934,0.2540926933288574,-0.06683395802974701,0.48612260818481445,0.30636096000671387,-0.08261062949895859,0.5019413828849792,0.3377370834350586,-0.09377194195985794,0.5951797366142273,0.34989625215530396,-0.04072781279683113,0.5038596987724304,0.3197304606437683,-0.058081191033124924,0.49638697504997253,0.3621852695941925,-0.060167346149683,0.5161952972412109,0.38092589378356934,-0.062478844076395035,0.5897987484931946,0.42386457324028015,-0.043703578412532806,0.5092657208442688,0.38932177424430847,-0.05794821307063103,0.5014550685882568,0.4175645709037781,-0.048600662499666214,0.5176888704299927,0.43556469678878784,-0.04222795367240906,0.5712020397186279,0.49463120102882385,-0.05114211142063141,0.5111823081970215,0.4646553695201874,-0.062484562397003174,0.5024974942207336,0.47375649213790894,-0.058563973754644394,0.5135182738304138,0.48202574253082275,-0.05303974077105522
Musti,0.4669094681739807,0.5364892482757568,-4.4434884216570936e-07,0.46576979756355286,0.4443453252315521,-0.03415457531809807,0.48242872953414917,0.3434373438358307,-0.056386061012744904,0.5118958353996277,0.2964033782482147,-0.07518374174833298,0.5451112985610962,0.325552761554718,-0.08600584417581558,0.5866603851318359,0.31734320521354675,-0.025995716452598572,0.568776547908783,0.24889090657234192,-0.06481703370809555,0.5278491973876953,0.29778847098350525,-0.08555614203214645,0.5255971550941467,0.33864307403564453,-0.09696371853351593,0.6065196394920349,0.3729621469974518,-0.02391921728849411,0.5707159638404846,0.31704550981521606,-0.0591583251953125,0.5248055458068848,0.3683846890926361,-0.06308901309967041,0.5284751653671265,0.39422163367271423,-0.0596916489303112,0.607736349105835,0.4330211579799652,-0.028536975383758545,0.5589749813079834,0.3881354033946991,-0.059144701808691025,0.51918625831604,0.4237120449542999,-0.04762939363718033,0.5274247527122498,0.44537580013275146,-0.03407004475593567,0.5981612801551819,0.49491676688194275,-0.03777071833610535,0.5517330169677734,0.45083025097846985,-0.055820997804403305,0.5246079564094543,0.4668342173099518,-0.05130396783351898,0.5325872898101807,0.4817351698875427,-0.0432942695915699
Musti,0.4912850260734558,0.5400567054748535,-4.92840797505778e-07,0.48832136392593384,0.4518522322177887,-0.02777017652988434,0.512501060962677,0.35032567381858826,-0.042625293135643005,0.5555049777030945,0.31047043204307556,-0.05626487731933594,0.592748761177063,0.3326460123062134,-0.06215343996882439,0.5978614687919617,0.3190861642360687,-0.006794148590415716,0.6034185886383057,0.2561941146850586,-0.043672461062669754,0.563194215297699,0.30655354261398315,-0.06183113157749176,0.558962345123291,0.3423517942428589,-0.07030428200960159,0.6195758581161499,0.37142497301101685,-0.006300551816821098,0.6142585277557373,0.3169463574886322,-0.04247742518782616,0.5651015639305115,0.365670770406723,-0.0450923778116703,0.5648304224014282,0.3874332308769226,-0.03780543431639671,0.6266652345657349,0.430633544921875,-0.013613895513117313,0.6051638722419739,0.3886699080467224,-0.04671231657266617,0.5589801669120789,0.4254739284515381,-0.03594791144132614,0.5634715557098389,0.4444848299026489,-0.020381605252623558,0.6253076791763306,0.49620065093040466,-0.02478223852813244,0.5925266146659851,0.4556810259819031,-0.04285088926553726,0.5630100965499878,0.47153496742248535,-0.039223309606313705,0.5711686611175537,0.4850335121154785,-0.031461190432310104
Musti,0.5423622727394104,0.6623110771179199,-4.5902484657744935e-07,0.5465213060379028,0.5787424445152283,-0.022860608994960785,0.5862877368927002,0.4911264181137085,-0.032417550683021545,0.6392763257026672,0.4562005400657654,-0.04282703250646591,0.683278501033783,0.46418896317481995,-0.04670798406004906,0.6358664631843567,0.4612182080745697,0.004862858448177576,0.6794747710227966,0.41656848788261414,-0.029750792309641838,0.6408754587173462,0.44953516125679016,-0.04189923778176308,0.6229921579360962,0.4758586883544922,-0.04206454008817673,0.6490169763565063,0.5130947232246399,0.005704921670258045,0.6858060359954834,0.47551265358924866,-0.026315970346331596,0.6369293332099915,0.5076689720153809,-0.025417009368538857,0.6300177574157715,0.5238938331604004,-0.014009710401296616,0.6549839377403259,0.5702839493751526,-0.0015129646053537726,0.6801468729972839,0.5411909818649292,-0.03743183985352516,0.6270173192024231,0.5647271275520325,-0.025782380253076553,0.6181536912918091,0.5782047510147095,-0.006280616857111454,0.6580278873443604,0.6302534341812134,-0.010777223855257034,0.6743931770324707,0.596620500087738,-0.028567101806402206,0.638265073299408,0.6079447269439697,-0.01878441870212555,0.6287740468978882,0.619683027267456,-0.00492672948166728
Musti,0.5487487316131592,0.6943885087966919,-2.2783838460327388e-07,0.560993492603302,0.6299072504043579,-0.03541731834411621,0.6080121994018555,0.5900636315345764,-0.0501219742000103,0.6564855575561523,0.6122037172317505,-0.06062903255224228,0.6922562718391418,0.6456118822097778,-0.06392350792884827,0.6689203381538391,0.5459994077682495,-0.016077809035778046,0.7124994397163391,0.5781195163726807,-0.05126761272549629,0.6745262145996094,0.5935643315315247,-0.06769867986440659,0.6532718539237976,0.5913305878639221,-0.07255789637565613,0.6693923473358154,0.6090997457504272,-0.00990128144621849,0.7064970135688782,0.6429507732391357,-0.04579406976699829,0.6604892611503601,0.6431192755699158,-0.05252485349774361,0.648318886756897,0.6250503659248352,-0.0472082681953907,0.6629996299743652,0.6680712699890137,-0.010726246051490307,0.6800838708877563,0.7028067708015442,-0.048099350184202194,0.6307905912399292,0.6879092454910278,-0.04179425537586212,0.6207321882247925,0.6613152623176575,-0.027004074305295944,0.6501606702804565,0.7192306518554688,-0.014423693530261517,0.6592650413513184,0.7413403987884521,-0.03828957676887512,0.622995138168335,0.7269101142883301,-0.03303659334778786,0.6130562424659729,0.7026527523994446,-0.022101109847426414
Musti,0.5142709612846375,0.7059758305549622,-3.091943767685734e-07,0.52882319688797,0.633527398109436,-0.043324053287506104,0.5706540942192078,0.5880222320556641,-0.06244984269142151,0.6192960739135742,0.6156672239303589,-0.07485025376081467,0.6572432518005371,0.6537148356437683,-0.07948337495326996,0.6466938853263855,0.5323144197463989,-0.03007790446281433,0.6798985600471497,0.5714980363845825,-0.06379272788763046,0.6399170756340027,0.5865713953971863,-0.07825460284948349,0.616577684879303,0.5853093266487122,-0.08288901299238205,0.6548330187797546,0.5982316136360168,-0.019386503845453262,0.6728250980377197,0.6452571153640747,-0.05302826687693596,0.6214094758033752,0.6508893370628357,-0.05833807587623596,0.6083518862724304,0.6387978196144104,-0.054019831120967865,0.6517841815948486,0.6621369123458862,-0.015276183374226093,0.654533863067627,0.7020865678787231,-0.05330214649438858,0.6038843989372253,0.6915709376335144,-0.04761919006705284,0.5956030488014221,0.66905277967453,-0.0342666395008564,0.6396831274032593,0.7156516909599304,-0.01421645749360323,0.6398402452468872,0.740368664264679,-0.039252959191799164,0.6028251647949219,0.7310222387313843,-0.0347585454583168,0.5959064364433289,0.710453987121582,-0.024786340072751045
Musti,0.4704105854034424,0.7101240158081055,-3.5668634268404276e-07,0.4570324420928955,0.6127219796180725,-0.034462958574295044,0.44573327898979187,0.5284872651100159,-0.0625980943441391,0.4404756426811218,0.5012351274490356,-0.08491235971450806,0.4533275067806244,0.5585038065910339,-0.10199223458766937,0.567283034324646,0.4811699390411377,-0.05178651213645935,0.4925004839897156,0.4739835262298584,-0.07827498763799667,0.4702106714248657,0.5059545040130615,-0.09286841005086899,0.48848217725753784,0.5172953605651855,-0.10375531017780304,0.5814569592475891,0.5557671189308167,-0.04986198991537094,0.48803842067718506,0.5478797554969788,-0.07021703571081161,0.47176212072372437,0.5585584044456482,-0.07242991775274277,0.4917330741882324,0.5541914701461792,-0.07480920106172562,0.5763019323348999,0.6356571912765503,-0.05073036625981331,0.486238956451416,0.6224130988121033,-0.0672798678278923,0.47531917691230774,0.6194713711738586,-0.056750863790512085,0.49365174770355225,0.6159379482269287,-0.049222756177186966,0.5604896545410156,0.706990659236908,-0.05611119791865349,0.49197274446487427,0.6868655681610107,-0.06959095597267151,0.4904933571815491,0.6787943840026855,-0.06589008122682571,0.5114914774894714,0.6732068061828613,-0.060380056500434875
Musti,0.49871110916137695,0.7499807476997375,-1.7859973411304964e-07,0.4952493906021118,0.6032752990722656,-0.010325110517442226,0.463523805141449,0.48339805006980896,-0.028259562328457832,0.4130377471446991,0.4266616106033325,-0.045529283583164215,0.36949974298477173,0.43317127227783203,-0.061988748610019684,0.5131464004516602,0.41343191266059875,-0.035751957446336746,0.41366660594940186,0.36220288276672363,-0.05783715471625328,0.411898672580719,0.4164010286331177,-0.07015541940927505,0.4392681121826172,0.4435846507549286,-0.07909610867500305,0.5070507526397705,0.4902227818965912,-0.04478035494685173,0.3923799395561218,0.44447022676467896,-0.058349426835775375,0.407846063375473,0.48867785930633545,-0.060695335268974304,0.43885499238967896,0.5038684606552124,-0.0667177215218544,0.4884693920612335,0.5743288397789001,-0.05416620522737503,0.3832651972770691,0.5253846645355225,-0.06563528627157211,0.4028450846672058,0.5559439659118652,-0.06049201264977455,0.43484723567962646,0.5696539878845215,-0.05965059995651245,0.4624369442462921,0.6558166146278381,-0.06461771577596664,0.38392460346221924,0.5912799835205078,-0.07547512650489807,0.3968571424484253,0.6068307757377625,-0.07065895944833755,0.4233575761318207,0.6240326166152954,-0.06660449504852295
Musti,0.5194588899612427,0.6250354051589966,-3.6229477018423495e-07,0.5166196823120117,0.48332643508911133,0.010590296238660812,0.47810041904449463,0.37755337357521057,4.754273686558008e-05,0.42774060368537903,0.3211973011493683,-0.012938488274812698,0.38534674048423767,0.3041805922985077,-0.026835940778255463,0.47643807530403137,0.2808993458747864,-0.03395688533782959,0.3789387047290802,0.27757105231285095,-0.047378603368997574,0.38745757937431335,0.33293843269348145,-0.04908793792128563,0.41334182024002075,0.34809911251068115,-0.0503087192773819,0.4631669223308563,0.3460094928741455,-0.04963865503668785,0.35899674892425537,0.350519061088562,-0.05998891964554787,0.37590503692626953,0.3921985626220703,-0.05425586923956871,0.4044034779071808,0.40503400564193726,-0.05463330075144768,0.446172297000885,0.4218837022781372,-0.06215116009116173,0.3573565185070038,0.41814494132995605,-0.0680929496884346,0.3770739436149597,0.4465228319168091,-0.056768108159303665,0.40618896484375,0.4535142779350281,-0.0536128468811512,0.4289524257183075,0.4984293580055237,-0.07364023476839066,0.366281658411026,0.4798770546913147,-0.07893543690443039,0.3814019560813904,0.4969441890716553,-0.07097118347883224,0.4052170217037201,0.502784788608551,-0.06607300788164139
Musti,0.5233562588691711,0.5988608598709106,-2.767082492027839e-07,0.47712722420692444,0.47478166222572327,-0.007755100727081299,0.43950745463371277,0.38381171226501465,-0.03129367157816887,0.4001886248588562,0.3333975672721863,-0.054818183183670044,0.3753637373447418,0.328092098236084,-0.07500484585762024,0.5064549446105957,0.22917315363883972,-0.03970293328166008,0.4078117609024048,0.22925861179828644,-0.059901896864175797,0.4111660122871399,0.2827467918395996,-0.06880242377519608,0.4371642470359802,0.29462891817092896,-0.0756005197763443,0.5158929228782654,0.281710147857666,-0.05248093605041504,0.399557888507843,0.3003287613391876,-0.06443916261196136,0.4171850383281708,0.3467372953891754,-0.06309215724468231,0.445811927318573,0.3528938889503479,-0.06667336076498032,0.5144571661949158,0.3553348779678345,-0.0650843009352684,0.404914915561676,0.37257546186447144,-0.06838569045066833,0.42319628596305847,0.41008979082107544,-0.05567610636353493,0.4510909914970398,0.41335800290107727,-0.05266315117478371,0.5040950775146484,0.43904411792755127,-0.08003545552492142,0.42098432779312134,0.42993417382240295,-0.08061342686414719,0.43112727999687195,0.4492851197719574,-0.07127007097005844,0.4541780650615692,0.4536639451980591,-0.06603234261274338
Musti,0.5107724070549011,0.5664681792259216,-2.3999899667614955e-07,0.5041171312332153,0.5027000904083252,-0.02809443697333336,0.5234358906745911,0.41951778531074524,-0.042949575930833817,0.5638101100921631,0.4021875560283661,-0.054632533341646194,0.5986749529838562,0.43195444345474243,-0.06063777580857277,0.591341495513916,0.3728020191192627,-0.018723279237747192,0.603938639163971,0.34983327984809875,-0.05021579563617706,0.5957135558128357,0.3784293532371521,-0.06768399477005005,0.5955811142921448,0.40225648880004883,-0.07810261845588684,0.618006706237793,0.41917508840560913,-0.017504293471574783,0.62221360206604,0.4273275136947632,-0.05337918922305107,0.5840623378753662,0.45702481269836426,-0.06156264618039131,0.574142336845398,0.46151769161224365,-0.05970724672079086,0.6291410326957703,0.4750250577926636,-0.021759958937764168,0.6130403280258179,0.4999692440032959,-0.05474420636892319,0.5716575980186462,0.5095205307006836,-0.04893786460161209,0.5672024488449097,0.4948553442955017,-0.038202833384275436,0.6291806697845459,0.5348442792892456,-0.02948368713259697,0.5975342392921448,0.5569276213645935,-0.05329413339495659,0.5676835775375366,0.5547659397125244,-0.05451320856809616,0.5698282122612,0.5346876382827759,-0.05037311092019081
Musti,0.520365297794342,0.6134766936302185,-4.019536845589755e-07,0.5247901678085327,0.5535604357719421,-0.0323663167655468,0.5517319440841675,0.4926627278327942,-0.05102461948990822,0.5885084271430969,0.5004732608795166,-0.06565473228693008,0.6170523166656494,0.5452444553375244,-0.07377860695123672,0.639744222164154,0.4598931074142456,-0.02241681143641472,0.6420586705207825,0.47278690338134766,-0.05685122683644295,0.6088858246803284,0.4899695813655853,-0.07850392907857895,0.5981592535972595,0.49518752098083496,-0.09144259989261627,0.6543340682983398,0.5208853483200073,-0.0207773856818676,0.6447797417640686,0.5403861999511719,-0.05468814820051193,0.6035933494567871,0.5425014495849609,-0.06435361504554749,0.5965119004249573,0.5347115397453308,-0.06477836519479752,0.6523550152778625,0.5822387337684631,-0.025172490626573563,0.6239941120147705,0.6057306528091431,-0.05515090376138687,0.5843212604522705,0.5926097631454468,-0.05126847326755524,0.5823217630386353,0.573722243309021,-0.04301971569657326,0.6403916478157043,0.6433495283126831,-0.033653002232313156,0.6072877645492554,0.6551585793495178,-0.05397899076342583,0.5777609348297119,0.6353191137313843,-0.053902219980955124,0.5763444900512695,0.6107901334762573,-0.04932980239391327
Musti,0.5401666164398193,0.6966139674186707,-4.318628157307103e-07,0.5451695322990417,0.6251673102378845,-0.03824935853481293,0.5683473944664001,0.5727875828742981,-0.06327265501022339,0.5981839895248413,0.6048941612243652,-0.08113791793584824,0.621528148651123,0.6613613963127136,-0.09176017343997955,0.6770055890083313,0.5676628947257996,-0.047782402485609055,0.6590157151222229,0.6053016185760498,-0.07509966194629669,0.6220061182975769,0.6082958579063416,-0.08945658802986145,0.6102113127708435,0.6047540307044983,-0.10060705244541168,0.6916432976722717,0.638183057308197,-0.04230381175875664,0.649976372718811,0.6795454025268555,-0.06846128404140472,0.6110127568244934,0.6671674251556396,-0.07353926450014114,0.6051507592201233,0.6582666039466858,-0.07633737474679947,0.6856120228767395,0.7021991610527039,-0.040616657584905624,0.6255556344985962,0.7340633273124695,-0.06155076250433922,0.5931100249290466,0.7023597955703735,-0.05517419055104256,0.5951600670814514,0.6799678802490234,-0.05145080387592316,0.6656585335731506,0.7610860466957092,-0.04385459050536156,0.6099380850791931,0.7716692686080933,-0.06281229853630066,0.582177996635437,0.7389262318611145,-0.06500459462404251,0.5830245018005371,0.7089939713478088,-0.06503728777170181
